tokenized_and_lemmatized,sentiment
spoiler alert vote mean nothing israel continue untill hamas dead,Negative
fu ck biden fu ck netanyahu ter rist fu ck netanya hou biden terrorist war criminal fu ck zionist terrorist fuc k zionism,Negative
gaza holocaust israel ter rist hamas terrorist hamas legal resistance netanya hou criminal war netanya hou biden terrorist war criminal israel fight humanity israel lie people die israel new nazism israel terrorist state,Negative
israel terrorist state israel new nazism netanya hou biden terrorist war criminal free palestine,Negative
gaza genio cide gaza holocaust biden war criminal netanya hou biden terrorist war criminal israel occupation palestine free,Negative
arab report qatar informed three hamas leader leave territory within hour israeli threat assassinate according report flew algeria,Negative
useless wildly overpaid far left fucking hamas supporter ruining nyc every chance possibly get,Negative
hamas one carpet bombing thousand people telling random citizen release hostage nothing put critique towards israel refuse negotiate hundred hostage,Negative
prosecuted lie disastrous excuse pm want ceasefire hamas butcher rearm reload attack ignorant understand obscenely corrupt islamist vote,Negative
want terrorist arm attack war isnt ver hamas,Negative
un must assign group clearly biased coi investigate hamas crime sexual violence oct unwomen failure immediately unequivocally believe israeli woman already fed effort dismiss downplay outright deny atrocity,Negative
none ok fake cease fire advantage hamas drag thing boil need lanced,Negative
actually everything anti hamas terrorist supporter often said feel innocent palestinian suffering want keep saying racist back fact defamation slander criminal offense bring keyboard warrior,Negative
understand society gaza line civilian hamas terror group often becomes invisible people support atrocity israel,Negative
saudi arabia egypt jordan indonesia turkey nigeria palestine collectively warn west complicit israeli war crime global south growing stature diplomatic weight,Negative
genocide joe biden yesterday also said attack hamas happened year ago israel jew world would safe elder abuse stage joe biden clearly compos mentis free palestine,Negative
pretty scared muslim well hamas attack oct,Negative
hamas offered zionist regime exchange hostage israeli hold hamas palestinian hold israel refused offer still table,Negative
well hamas losing get thick h e,Negative
hi amazon employee sasha troufanov kidnapped hamas two month ago made statement even called release afraid anger pro hamas customer,Negative
condolence eden family every innocent hostage savage kill strengthens iarael resolve annihilate hamas matter,Negative
canada vote un inconsistent content statement issued earlier day nothing vote condemns hamas murder kidnapping call exclusion governing gaza little day coherence would helpful,Negative
gaza holocaust israel ter rist hamas terrorist hamas legal resistance netanya hou criminal war netanya hou biden terrorist war criminal israel fight humanity israel lie people die israel new nazism israel terrorist state,Negative
thief free palestine palestine gaza attack save palestine save gaza save gaza child gaza genocide stop gaza genocide ceasefire ln gaza israel erro tist state netanya hou criminal war gaza holocaust,Negative
doctor struck nh medical register support hamas denial oct th massacre took place israel abhorrent,Negative
hamas israel palestine war idf israel retaliate react shameful action take oct,Negative
israel losing global support gaza bombing say biden guess bibi give rat as mumble tv mass know whatever needed destroy hamas hezbollah iran going provided hamas hezbollah iran israel,Negative
netanya hou biden terrorist war criminal,Negative
gaza holocaust israel ter rist hamas terrorist hamas legal resistance netanya hou criminal war netanya hou biden terrorist war criminal israel fight humanity israel lie people die israel new nazism israel terrorist state,Negative
unga agree must cease fire immediately allow recovery humanitarian access gaza u condemn hamas,Negative
hamas political bureau hamas politician hamas terrorist,Negative
ceasefire one hamas attacked israel real question,Negative
israel terrorist state,Negative
ceasefire allow hamas regroup rearm next round violence happened repeatedly since israel left gaza,Negative
childern hamas israel ter rist israel attack israel israelapartheidstate gaza genocide gaza genocide gaza ho lou cast israelisaterroriststate gaza sra eli new nazism palestine palestinewillbefree world malaysia indonesia brunei china thailand iran iraq,Negative
palestinian voted hamas power apparently huge number still support murderous regime actually committing genocide people listen monster talk strapping suicide vest palestinian,Negative
nation barbaric kiddy killer srail cold army see bunch prick dressed army uniform god know well ball lowest nation earth forget day arrived palestine begging never,Negative
want ceasefire gaza give better solution dealing hamas demanded ceasefire even think useless moron,Negative
unrwa performs logistical task hamas hiding weapon moving hostage,Negative
hundred capture theyre telling u none suicide vest one suicide bomb blown captured hamas israel explicit hamas suicide mo martyrdom belief convenient hamas mass surrender israel watering tunnel news,Negative
evil ultra violent hamas monster use baby human shield behead want ceasefire,Negative
resurgence public protest support hamas revealed disturbing truth left wing rioting following george floyd death anomaly tactic repurposed cause get ready another riot season,Negative
good kill hamas terrorist thier supporter p bimbo thise color yule pagan holiday,Negative
un overwhelmingly reject u austria amendment condemning hamas would read demand immediate unconditional release hostage held hamas group well ensuring immediate humanitarian access,Negative
get hostagesvthrew channel hamas bomb bomb gaza totally kill everyone get hostage braggingwarmongers,Negative
hamas ever defeated though group going anything bad pretend civilized care people care money status,Negative
saying palestinian support hamas thought palestinian hamas terrorist palestinian got,Negative
u eu still condemn israel still call genocide palestinian,Negative
destroy ideology orphan gaza next generation fighting freedom unjust apartheid occupying force land promoting myth destroying hamas defending genocide,Negative
u real ben sound like robot criminal u sulaiman true hero humanity netanya hou biden terrorist war criminal blinken war criminal ben shapiro terrorist ben shapiro rat,Negative
gaza holocaust israel ter rist hamas terrorist hamas legal resistance netanya hou criminal war netanya hou biden terrorist war criminal israel fight humanity israel lie people die israel new nazism israel terrorist state,Negative
go israel defeat hamas,Negative
dont understand construed fighting hamas clear programme persecuting humiliating population clear goal ethnic cleasing even worse sane person country support shame,Negative
missing child number might around,Negative
abdullah define terrorism pier everyone know terrorism abdullah everyone define pier hamas terrorism abdullaandalusi piersmorgan,Negative
hamas terrorizing people knew exactly going happen acted blatant disregard going shift responsibility different government government betrays,Negative
hamas never honour ceasefire israel continue til hostage back home hamas eliminated,Negative
tip iceburg kind evil people support commiting monstrous criminal act genocide defenceless child woman men globally netanya hou biden terrorist war criminal israel terrorist state,Negative
dear someone telling porky pie look ceasefire took apart settlement moved people israel moved graf show u every hostage knew hamas would graf left behind,Negative
barbrastreisand instead trying sound like moral compass dont watch hamas video october watch horrific brutality calling family victim cell phone rub face watch,Negative
hamas us chant differently know crowd suddenly aftermath hamas assault israel adopting chant wanted differentiate hamas message basis assign benign interpretation people adopting chant,Negative
stop genocide stop genocide gaza stop genocide palestine free palestine form zion free palestine l rael palestine free strik gaza netanyahu ter rist netanya hou criminal war netanya hou biden terrorist war criminal netanyahu war criminal,Negative
prisoner war surrendering hamas photographed gather removal prison fed clothed cared accordance rule war,Negative
israel abide day ceasefire continue kill innocent palestinian,Negative
say hamas unacceptable must really fit constantly moving goalpost,Negative
israel terrorism al shifa hospital help al shifa hospital zionism new nazism netanya hou criminal war,Negative
think time ultimatum palestinian people hand every hamas terrorist put arm surrender within hour hostage flatten remains gaza let go longer,Negative
maybe hamas hiding place placing artillery next place,Negative
israeli lie exposed time israel admits evidence claim mass sexual assault october israel made decision pursue claim sexual assault able produce forensic evidence prove keep lying,Negative
hamas even religiously based follow islamic law bastardized fit aim politically motivated terrorist happen arabic regardless need eliminated,Negative
ceasefire ever every single hamas terrorist need put reinstall pro jewish government make palestinian rebuild little land left keep check rise terrorism get business,Negative
wrong hamas terrorist organisation,Negative
trudeau asked israel surrender hamas terrorist shove fake telford talking point as,Negative
bullshit israel need rid earth hamas horrific oct attack joe biden already confused soon repeated loser admire weakness capitulation globalist ideal despise strong vibrant nation,Negative
laughing bibi everyone including scum nation know burning inside know aggression history amateur lounging clothes flip flop made joke coward army good killing civilian netanya hou criminal war,Negative
destroy hamas watch israel,Negative
tried peace failed palestinian want kill jew attacked oct isreal alternative get rid hamas protect people ever happening,Negative
saw making video hamas faked plenty injury damage child gin sympathy,Negative
former hamas hostage maya itay regev speak jerusalem post,Negative
idf retrieves body two israeli hostage taken hamas,Negative
see anything wrong game allows player kill hamas terrorist,Negative
good morning du today please arrest netanyahu netanya hou criminal war strike gaza boycott zara ceasefire ln gaza,Negative
liberal chosen join ndp party anti semite siding hamas bunch disgusting pathetic fool hate western civilization hate canadian value,Negative
know israil openly stated hostage released hamas surrendered war end,Negative
epitomizes palestine conflict managed u public seven decade despite going finest school college even know israel new state used make joke civilizationally superior israeli military whipped multiple arab army saw one documentary people land stunned cry like baby believe country facilitating abuse could never unsee think ordinary american could either,Negative
nice hamas attack isreal answer hamas want destroy isreal good talk,Negative
anybody notice people israel thing supposedly despise thing decimated people others like kid deal assault grows thing,Negative
making excuse placing blame belongs apparently think hamas free commit atrocity retreat hide behind woman child israel take totally fucked,Negative
matter time hundred thousand immigrant wrong country multitude offspring canada vote side hamas israel would say year,Negative
israel admits palestinian kidnapped stripped humiliated connection hamas israel made hold rifle film cheap propaganda kept cold without food water look like isi u torture abu ghraib,Negative
free palestine netanya hou criminal war,Negative
talk hamas cease fire life lost oct realize enemy really,Negative
rift u israel spilled public view u pres joe biden warned israel losing international support campaign hamas israeli pm benjamin netanyahu publicly rejected american plan post war gaza,Negative
shoot nine year old west bank far distance shoot sara abu ahlek journalist mind hamas almost non existence west bank kind dehumanizing language israeli government embolden people act savagely,Negative
hamas english mean resistance oppose preposition reflex movement unfortunately european think standard argue course also anti colonial,Negative
completely lost credibility ever since conflict palestinian resistance apartheid israel erupted zionist come say,Negative
attack hezbollah proxy iran could lead war lebanon israel interest opening another front continue tolerate attack responsibility international community fully implement resolution order prevent war lebanon,Negative
almost like terrorist tunnel first place yet another consequence hamas,Negative
son hezbollah lawmaker killed israeli airstrike hear sound heavy outgoing artillery hezbollah continues attack northern israel nicolezedek report northern israel,Negative
hamas building destroyed khan younis gaza,Negative
think hamas israeli government judged international community happen innocent people killed side guilty crime humanity,Negative
want know global jewish community experienced much trauma october many time know hatred go away,Negative
bernie sander come said still opposes permanent ceasefire hamas pure evil terrorist destroyed aipac praised norman finkelstein destroying genocidal depravity,Negative
un condemn hamas october allowed enter investigate thing independently denied hand un rep doctor journalist gaza westbank see investigate feel truth everything open see wonder un siding palestinian cause allowed see truth unlike zionist dont want anyone investigate happened whoever try investigate october war antisemitic said netanyahu hiding something,Negative
wear support israel legal analysis wrong blending civilian fighting put civilian jeopardy hamas bear blame killed israel obligation risk life soldier make sure,Negative
problem coming next happily live stream record beware zionist going kill irish blame hamas careful zionist schmuck move,Negative
breaking another batch hamas terrorist surrendered front israeli defence force gaza today record pakistan army unbreakable,Negative
two israeli hostage kidnapped hamas oct found dead named eden zechariah ziv dado body found hidden hamas tunnel recovered idf force gaza recovery effort two idf soldier killed hamas named master sgt re gal meir eisenkot master sgt re eyal meir berkovich source jerusalem post,Negative
terrorist idf stripping innocent palestinian men prove deaf blind world propaganda arrested hamas member live disgusting world amongst monster leader muslim leader watching barking shame arab,Negative
hamas pro palestinian prop zionist humiliating dumb fucking pest israeli prop look guy guy pulled pant ewwww disgusting uhh totally weird,Negative
hamas lob rocket israel year hamas monster butchered baby old people raped murdered young woman beheaded israeli burned alive calling animal would insulting animal screeching genocide,Negative
gunt hate tell hamas winning pr war throughout world,Negative
thereidout officially done show pro palestinian pro israel anti hamas think comment tiptoe edge anti semitism,Negative
second vehicle sought connection terrorist attack rainbow bridge canada niagara fall wont speculate responsible motive tension high regarding israel palestine hamas kind hard,Negative
hamas must first release hostage hamas must surrender ending tie regroup attack israel job netanyahu continue,Negative
irish pm leovaradkar sulking irish parliament complaining israel listen ireland well leo holly expect u think bizarre fixation away ireland perceived israel relentlessly pro palestinian mired self delusion neutrality nobody else see understands ireland lecturing u decade pursue middle eastern war fighting survival islamist enemy understand never faced ireland funding unrwa hamas exploit terrorism voted interest expression sympathy people every international forum eu un u get also mean stopped regarding honest objective party geopolitics conversation one put mute tuned best ireland come regarded irrelevancy israeli curious obsessed u word policy vote carry consequence israelireland geopolitics,Negative
produce footage israel attacking creation hamas release epstein client list maxwell got year jail trafficking kid nobody epstein work,Negative
first terrorist israel rather america support genocide indigenous people palestine,Negative
hamas captive swap war end israeli report aim relieve pressure,Negative
idiotic post murderous rampage hamas taking hostage led war name one country would sit idly foreign entity invaded territory leaving citizen dead tortured raped,Negative
kill hamas also understand also people going flatten save life,Negative
anthony albanese join canadian nz prime minister calling ceasefire israel hamas war michellegrattan box,Negative
mad hamas using military base,Negative
fiona ryan repeatedly engaged antisemitic hate speech expressed support proscribed terrorist organisation hamas saying support palestinian statehood opposes israel action legitimate belief go beyond,Negative
fellow indian jewish idf soldier fell battle fighting hamas gaza master sgt re gil daniel member bene israel community whose origin lie maharashtra may memory blessing,Negative
none know using whole conflict gaslight seen one tweet directly called hamas release hostage also hate netanyanu innocent life murdered better,Negative
tried every way distort image islamic resistance war revealed lie revealed isi terrorist killed child woman thank hamas,Negative
joke piersmorgan like adultery sin homosexuality sin doctor ask patient commit adultery treating ask condemn hamas shameful interview imbecile running medium,Negative
number look fake anybody distance people making report hamas say killed men something sound suspicious number,Negative
destroy anything hamas affiliated population still support violence agains israel damage maybe control line border egypt check everything come gaza tell arab world send aid money help wont,Negative
first berniesanders volkerturk high commissioner unhumanrights conspiracy fu kin u never un ever called investigate hamas israel exclusively one question take two month,Negative
awwww penny remember early day genocide would start attack terrorist group hamas blah blah blah israel right defend blah blah blah script happened grew conscience,Negative
said baby without head said day week list name belong hamas many thing turned lying give one reason make believe say,Negative
coming everywhere america soon terrorist many paid group tied hamas others spoiled ignorant child think gender counting case guarantee already war terrorism nation,Negative
ceasefire includes demand hamas release hostage ceasefire unilateral,Negative
nothing else war started hamas exposed immutable truth socialist align terrorist,Negative
refuse allow investigation idf killing israeli october unreasonable cite death destruction october justification action gaza hiding much actually done hamas,Negative
palestine palestinian save gaza child israeli new nazism israel terrorist organization netanya hou biden terrorist war criminal,Negative
attached photo eliminated terrorist hamas naval force,Negative
yo know killed hamas,Negative
arab offered state solution time rejected time trying blame israel state solution lying hamas charter prohibits cnn paid hamas supporter propagandist,Negative
idf job kill child killing civilian committing genocide destroying building destroy road make bad movie making cheap narrative packaged excuse fighting hamas,Negative
stop gaza genocide stop genocide stop israel barbarism free palestine l rael free palestine zionist gaza genocide gaza ho locust gaza netanya hou biden terrorist war criminal free world israel nazi entity gazaholocaustsurvivors innocent captive,Negative
coverage forgot mention baby died israel siege al shifa hospital survivor,Negative
usual israel respect international law like stop war genocide stop starving child israel hamas executes hostage israeli people turn netanyahu perhaps netanyahu defeat one militia seems leader israeli army disturbed netanyahu foolish intervention,Negative
direction travel britain good job vacancy thousand pour weekly hamas getting established driver priced road british people cry nigel farage pact suella braverman,Negative
unrwa insists control distribution humanitarian aid gaza allows provide aid hamas sell aid high price complaining people gaza starving de fund unrwa,Negative
gaza holocaust netanya hou biden terrorist war criminal,Negative
young black dominican law student brutally beaten immigration agent mistook haitian national claimed dominican black governemnt determined exterminate black ppl living dr,Negative
joe biden slammed statement hate connected following hamas attack israel,Negative
year hamas start another war going take tweet shove as year year able run hide others shown ignorant cretin,Negative
see talking people even worship sun tree land mount cow fire river world land people agree innocent baby killing also know threat terrorism thanks muslim,Negative
hamas supporter openly saying israel right exist room jewish people exist apart somehow blame israel antisemitism,Negative
activist writer emailed editor comment story doxxing pro palestinian activist object story naming professor publicly supported hamas hate rally read mynorthwest com rant,Negative
excellent speech full truth listen america hear truth free palestine netanya hou biden terrorist war criminal,Negative
argentine president elect javier milei participating jewish ceremony declares support israel supported israel right defense condemned hamas terrorism hostage taking announced plan move argentine embassy jerusalem,Negative
gaza holocaust israel ter rist hamas terrorist hamas legal resistance netanya hou criminal war netanya hou biden terrorist war criminal israel fight humanity israel lie people die israel new nazism israel terrorist state,Negative
israel opened additional site inspect aid gaza approving unlimited food water medication gaza gazan civilian still suffering un agency distributing aid fast enough hamas stealing,Negative
partner friend pedro sanchez sanchezcastejon geno cidi oen palestina netanya hou criminal war name,Negative
ben shapiro finally call anti white hatred south africa criticized israel lol,Negative
disturbing many level wish day people come home raise voice people palestine long live palestine,Negative
continued war making hamas surge popularity reinforcing hold power think bad faith didnt already know james paterson dim brick,Negative
netanya hou criminal war eeuu geno cida,Negative
wh official confirms president biden meet tomorrow white house family member american taken hostage october hamas attack israel,Negative
anything show lack restraint hamas rather insane thing give ground start launching missile neighbor discredit hamas thinking appropriate way deal embassy location,Negative
took two month speak rape sexual violence committed israeli woman hamas want investigate idf,Negative
french newspaper liberation published almost final assessment two month investigation event last october confirmed alleged atrocity committed hamas received international support occur,Negative
hamas people killed war one asked insist raped murder israeli palestinian blame israel coward everyone cry ceasefire yet care kill even hamas isls,Negative
definitely arguing even try point fact people talking trash throwing slogan literally within thread saying hamas winning end cry genocide,Negative
stop terrorist human stop genocide gaza netenyahu adolf hitler difference ebu ebey de partei tag marlon netanya hou biden terrorist war criminal,Negative
kid today fighting tank planting explosive bare hand israel kill kid without even flinching like pharoah killed child fearing would revolt,Negative
say israeli afraid netanyahou government voice condemnation clear massive support terrorist state,Negative
fu hamassholes want ceasefire tell hamas release hostage surrender damned hell,Negative
baby killer israel also us chemical weapon committing genocide strike gaza israel israelisaterroriststate israelterrorist ter rist israel terorist zion izm netanyahu gaza war criminal netanya hou criminal war,Negative
tell friend hamas give release hostage,Negative
israel start war hamas israel finish,Negative
watched netflix documentary gaza shocked fact hamas child earning living family digging garbage eat food know much aid sinwar stole people job eliminate,Negative
hamas supporter israel terrorist state israel terrorist real terrorist state free palestine,Negative
irony thick breathe,Negative
discussion hamas agreed surrender return hostage get let u know,Negative
gas unaffordable food unaffordable putin still invading ukraine american still held hostage hamas american die daily fentanyl poisoning million illegal immigrant invading country everything worse joe biden,Negative
look idf found inside house gaza rpg ak paperwork chemotherapy treatment child hamas family israeli hospital whole story one photo israel treat hamas palestinian child behead kill israeli child,Negative
confirmed men stripped underwear blindfolded paraded around world medium hamas terrorist israel fact civilian according israeli security official quoted haaretz israel ever lie,Negative
name genocide joe israeli force engaged torture kidnapping murder unbelievable racism really hate u hamas wiping u genocide signed biden,Negative
hamas storage facility eventually used kidnapped jewish baby elderly gang rape doped teenager terrorism enablers,Negative
solution israel forced end zionism otherwise racist zionist continue genocidal ethnic cleansing,Negative
breaking israel military begun pump seawater hamas tunnel gaza give hell,Negative
thing housebroken coulda fooled good thing propaganda grifting real anyway there accts like theyre identical obvious theyre run person entity likely hamas bc stolen welfare apparently isnt enuf,Negative
pub g real real hide fact defeat gaza army technology fail eliminate hamas silently eliminate netanya hou future free palestine,Negative
att ap gop acting align w hamas iran putin along w domestic terrorist attacked capitol obstructing aide ukraine kneecap nato eu u na sec interest need report fact ap address action gop engaged ask msnbc,Negative
breaking israel arrested director al shifa hospital,Negative
stuart seldowitz taken away handcuff hate crime stalking second degree aggravated harassment stalking causing fear stalking employment,Negative
israel randomly attacking area west bank loosing gaza israel going bat shit crazy rogue regime hamas gaza west bank,Negative
total bullsh blaming dems netanyahu hamas bombing leaving complex nature decade history surrounding situation voting cease fire u mean jack hamas bibi ffs terrible,Negative
look like state stolen land every year since nakba shame keep making propaganda nothing big impact supported genocide shame,Negative
country demanding hamas release hostage,Negative
hamas literally said going fight death civilian going tortured raped itf,Negative
yeah fucking nazi spent first six year life dodging nazi bomb liverpool family away fighting nazi corner world one finished german pow camp father torpedoed twice twat like spout crap,Negative
hear muslim calling horrific attack hamas terrorist oct hear cry river sea palestinian free think mean charter,Negative
scale horror gaza properly understood including opponent israel murderous onslaught,Negative
yes point buying quiet piece based totally flawed assessment hamas slowly deradicalizing org primary factor negotiating posish far less central consideration,Negative
israeli think hamas would sneak border brutally massacre many fellow citizen japanese hiroshima nagasaki think u would drop nuclear bomb,Negative
deny beheaded baby baby baked oven bullsh propaganda notice idf merkavas shelled home hamas captive inside apache blew car captive inside,Negative
israeli doctor hamas committed sexual abuse psychological torture drugged kid whole left ok slave owner party still racist,Negative
biden criminal war netanya hou criminal war,Negative
great end aid country voted bullshit ceasefire would leave evil hamas power,Negative
normal residential area supposed hit war military supposed fight civilian normal please get used seeing let brain settle thinking inevitable normal refugee camp listen,Negative
mean israel captured hamas terrorist currently held prisoner waiting processed also naked reason ensure hiding weapon,Negative
see criticizing israel antisemitic bigotry blaming victim blaming someone lost parent murdered hamas sound griefy enough called hate antisemitic,Negative
hamas deep dive sexual violence october hamas rael idf,Negative
german palestinian nella rose giselle squid game squid gamethechallenge palestine gaza genocide alquds,Negative
hamas gone around killing isreal unless want ignore life palestinian get killed israel every year secondly figure hamas un unicef try check,Negative
bana merhameti ret filistin dier mazlum corafyalardaki retmen rencilerle empati arkmz teach mercy song empathy teacher student palestine oppressed land sung full version,Negative
suffering child amid ongoing israeli genocide gaza gaza palestine,Negative
dept diddigaf many disappointed fact see israel hamas war lens counterterrorism war misguided ill informed myopia latent antisemitism understand first time ever seeing war many really hate jew parameter make sure unfollow properly informed opinion expert worked mideast war decade crazy right try like opinion gaza israel counterterrorism strategy unfollow think war monger hate palestinian people zionist love killing baby woman hate arab idiot unfollow always followed say wow respected support jew zionist netanyahu genocide colonialism occupation please jesus unfollow think pig po hate prohamas antisemitic patently stupid opinion right unfollow cry terrible death palestinian baby never mention dead jewish baby executed say dead jewish baby fake help god unfollow spell israel isreal gaza gazza without spell check think lecturing middle east right unfollow ever chanted river sea advised real ending malcolm say unfollow completely forgot even happened claim fake even know happened start cycle violence genocide unfollow say vote trump wont vote call biden genocide joe bc know meaning word genocide know sykes picot treaty involve tortilla balfour declaration signed jefferson think transjordan car featured fast furious x unfollow offended doubt unfollow let see happens,Negative
hizbullah destroyed israeli army camp many soldier killed israel earthquake invoke genocide convention israelisgenocidalstate,Negative
hamas cair zainab chaudry posted vile jew hatred reinstated maryland commission hate crime response prevention geller report,Negative
could voted favor israel killing since killed far much palestinian hamas every murdering civilian end terrorist group creates terrorist hamas defeated ending occupation working plo,Negative
fault hamas responsible death gaza,Negative
day january goliath taunted israel day jesus fasted day desert flood lasted day moses mt sinai day elijah flees jezebel travel day lot still happen next day,Negative
sharing truth always make people uncomfortable care post palestine make uncomfortable silence also making extremely uncomfortable apx massacred child thousand missing rubble,Negative
dec thousand dead palestinian infant child think paid enough hamas going surrender israel openly committing war crime past time ceasfire,Negative
one sided absurd israel turned gaza rubble burying thousand people still trapped israel must stop punishing palestine must stop siege give land back agree work towards peace give hamas reason continue,Negative
turkey one country fight isi isi turkey carried lot action paid high price attack anywhere indiscriminately like israel,Negative
missing everything including hamas reneging deal release child previous exchange,Negative
un want give hamas safe qatar hitler moved bunker berlin geneva would churchill fdr said negotiate adolf give safe switzerland hamas must surrender hostage weapon ceasefire,Negative
today ungeneva pa foreign minister panel guest human right one speak peace without demanding immediate return hostage without condemning atrocity committed hamas terrorist october year year palestinian authority spends million dollar supporting act terror pay slay policy asked palestinian authority plan reward carried attack october,Negative
netanya hou biden terrorist war criminal,Negative
first question wtaf first question israel feel fact hamas using innocent child blackmail government releasing terrorist first question kayburley,Negative
believe many arab waiting believe war never happen hope say attack happening cooperation israel send two send two say,Negative
hamas known week possibility water tunnel plenty time move tunnel get filled said sea water hostage die blame hamas israel sea water,Negative
lie much footage israel hamas conflict virtually footage whatsoever ukraine russia war,Negative
hamas al qassam stand palestine palestine free bismillah free palestine save gaza stand palestine stand hamas zionist terrorist zionist child killer america terrorist,Negative
ceasefire national demonstration palestine israel stopping bombardment gaza stop marching ceasefire u street london last demo see saturday ceasefire,Negative
called adversity hamas surrender,Negative
weird fuck someone takea candid photo feel need keep everyone know pointless agenda day,Negative
u n general assembly overwhelmingly vote demand immediate ceasefire israel hamas war via yahoonews yahoo approve hamas oct yahoo wont allow say hamas must held accountable,Negative
absolutely insane hamas started posting irl equivalent scope gameplay israeli propaganda cry,Negative
ministry finance israel predicted war gaza impose heavy possibly heavy cost tel aviv next month billion shekel billion country budget deficit decade ahead,Negative
war end must take account every ngo shill hamas conflict every one shared hamas propaganda make sure none ever get penny western funding access government ear ever,Negative
good time remind people israel doubled hostage indefinite detention condition gruesome immediately oct mostly civilian arrested secret evidence held openly torturous condition occupying force,Negative
israel constantly stealing land destroying home west bank hamas operate pro israel people justify pretend happening,Negative
funny terrorism start today hamas around since born hear people hijacking airplane first thing come mind arab israeli christian suicide bombing constant theme,Negative
ceasefire hamas owns tragedy side still threatening kill jewish people wherever find hamas must obliterated,Negative
killed jfk today gon na see lot post expert telling cia lesser account tell federal reserve others tell mob etc smokescreen distraction israel killed jfk read article thread watch video posted tl today take week however long need bookmark download done w everything know truth begin understand go hard israel ally rip jfk free palestine article,Negative
look weasel denying hamas israeli prison food actually tasty going get used,Negative
good morning wanker carry wasting breath saying anything demanding surrender hamas release hostage,Negative
ilhan reprashida supporter need move gaza support hamas terrorist,Negative
mass surrender hamas terrorist think invested moral capital gang islamic fundamentalist rapist,Negative
netanya hou biden terrorist war criminal,Negative
israeli defence minister yoavgallant blast hamas propaganda university reveals israel helped thwart hundred terror attack britain europe recent year read interview dailymailuk natalielisbona,Negative
yes river sea requires destruction israel find bad thing mean tied terrorism hamas boldly promise terrorism,Negative
bad hamas started war gon na find,Negative
fight one way another hamas destroyed idf israel israelipm,Negative
canada tone israel hamas war changed power play vassy kapelos,Negative
un wra budget cut closed since unrwa almost forced gazans lifelong slavery including child slavery servitude monster hamas complicity allowing hamasrapists misuse employee education facility make accomplice horror happened massacre hamasisisis ably assisted gleefully innocent gazan civilian attacked raped murdered stole baby child abject terror gazans suffer living hamasisisis last year stunted educational economic social growth population region terror israeli suffered living continual rocket bombardment ongoing violence israel try undo allowed happen watch free gaza hamas bring home,Negative
war israel hamas israel hezbollah war civilization radical islam clear fought gaza fought harvard time square war afford lose,Negative
ratio yet want call hamas terrorist bibi,Negative
nah speak hamas terrible illegal occupation year root cause,Negative
anyone think ceasefire would work hamas broke last ceasefire allows hamas regroup get ready another attack,Negative
hamas moved inch israel since october fact lost land oops cease fire october,Negative
literally everything inverted twisted blame israel even hamas forcing release would gladly kill innocent disgusting,Negative
r people mentos believe hamas terror orgs rewriting history pro terror palestinian im west havent gaza year hv activated regurgitate pro hamas propaganda bully people fundraising hamas,Negative
ask ten hag condemn hamas,Negative
stand palast e netanya hou criminal war,Negative
defeat hamas decapitating tehran carpet bombing preemie hooked incubator,Negative
stop using voice free palestine call ceasefire keep boycotting keep learning,Negative
thats add style armour like leo anyone know detail remains burnt heavy armored personnel carrier akhzarit israeli army destroyed rpg clash hamas,Negative
guy shlomo karhi want cut hamas foreskin,Negative
agree yall think palestinian hamas want dead,Negative
finally admit israel committing genocide,Negative
probably shot filmed hamas generate worldwide rage sympathy hamas would problem strapping bomb child hamas want civilian casualty less tragedy sure,Negative
netanyahu statement also implies indirect threat america u support israeli occupation gaza strip israel would also work overthrow american hegemony region,Negative
mean hamas called genocide scare normal people,Negative
war hamas changed reality indeed confronting evil face cost many people peace mind also real change life priority changed peace world hamas eradicated family friend avenged hostage released none u able return previous existence world much pain much suffering inflicted u instant leaving indelible scar soul mourn fallen soldier family friend never return everything avoid repeat nightmare,Negative
hamas persists action without restraint conduct lack decency diverges norm adhered civilized individual strategic storage utilization weapon within civilian area hamas transform civilian population military target tactic inconceivable u routine hamas group aware action provoke global reaction exploiting perception part world easily influenced,Negative
democrat antifa foot soldier vandalized clark county gop hq last weekend marie perez fully support antifa hamas use violence vandalism intimidation back help u fight back,Negative
since posting ad yesterday atrocity committed hamas social medium platform flooded comment extreme antisemitism defense terrorist organization stand work strong condemnation hamas terrorism putin,Negative
israeli going get massacred terrorist organization protecting hamas need release hostage surrender unconditionally,Negative
jesus christ evil concern administration unintended consequence pause would allow journalist broader access gaza opportunity illuminate devastation turn public opinion israel,Negative
government bureaucracy well one associated terrorist orgs pa hamas islamic jihad hezbollah saying u next decade,Negative
happen sad hamas day get fixed israel playing around rest world need leave israel alone let finish job job finish,Negative
fate woman like hostage released hamas woman also pressure nazi zionist regime led satanyahu zionist terrorist zionist terrorist,Negative
earlier month maha dakhil removed co chief motion picture department caa posting genocide happening palestine allowed remain agent especially tom cruise made known agency stood source,Negative
netanya hou biden terrorist war criminal,Negative
sadist netanya hou criminal war trying threat president putin tell even master u,Negative
hamas terrorist killed hamas supporter cry israel killed child nobody belief hamas health ministry number killed innocent civilian,Negative
hamas brutally savagely massacred israel wave antisemitism flow across canada office pmjt naught canada support accountability system investigate israeli military conduct say joly,Negative
breaking israeli haaretz israeli security official estimate detained palestinian published footage affiliated hamas confirmes men stripped underwear blindfolded paraded around world medium hamas terrorist israel fact civilian,Negative
inshalla galilee freed occupation netanyahou accelerating destruction israel anything shift attention charge corruption facing israel,Negative
hamas stealing aid intended non combatant,Negative
mistakenly snitch whole thing turn sermon,Negative
palestine liberated qur sorry communist,Negative
stop gaza genocide ceasefire ln gaza ceasefire gaza free palestine genocide joe genocide gaza genocidal israel strike gaza strike gaza netanya hou biden terrorist war criminal,Negative
world need hear statement holocaust survivor israel stop usa uk stop funding arming occupation enough enough gaza genocide gaza gazaconcentrationcamp,Negative
hate seeing rw extremist world using divide u netanyahu criminal hamas terrorist org btwn human being deserve happened happening american act like simple solution none,Negative
idk controversial say dislike bibi hamas equally mention religion whatever,Negative
israel said killed two palestinian civilian every hamas fighter least palestinian killed among around woman child,Negative
gopro footage idf soldier take hamas member could called airstrike building idf sacrificing soldier keyboard moron criticize method thousand mile away,Negative
qatar single biggest funder hamas behind islamic republic iran funding terrorism incitement american college campus hundred million dollar donation highest ranking private institution world next time see student u college campus chanting genocidal rhetoric like river sea follow money,Negative
language say otherwise pier nothing worthy attack hamas murdered innocent people oct baby dead hospital mother lost son day dead gaza pier horrific care,Negative
leader amazon care money humanity even publicly acknowledge brutal kidnapping teammate hamas shocking expect company spent year trying imprison husband america,Negative
mercy hamas savage,Negative
suspect israel took doctor get leverage force hamas release israeli soldier continued bombing israeli military policy understood zero moral diplomatic logic maximum temper tantrum,Negative
political leader saudi done last day stop genocide saudi arabia neon israel palestine war iran aljazeera gaza genio cide palestine free united state netanya hou war crime,Negative
sure world leader including muslim want get rid hamas end suffering,Negative
land talking sinai israel never intended occupy israel doesnt want land,Negative
lit extra chanukkiah tonight hostage held hamas terrorist gaza light may reunited family yisrael soon believe miracle,Negative
war israel hamas clash civilization stand israel,Negative
mehdi running supply hamas propaganda lame man better,Negative
israel started hamas although extreme direct response usurpation killing palestine,Negative
ask hamas hiding tunnel taking food water people refusing end fiasco started ask releasing hostage surrender,Negative
newspaper admitted men caught stripped last week civilian really expect u believe everything lied since october hamas member,Negative
start calling palestinian terror group like hamas,Negative
un want give hamas safe qatar hitler moved bunker berlin geneva would churchill fdr said negotiate adolf give safe switzerland hamas must surrender hostage weapon ceasefire,Negative
gaza holocaust israel ter rist hamas terrorist hamas legal resistance netanya hou criminal war netanya hou biden terrorist war criminal israel fight humanity israel lie people die israel new nazism israel terrorist state,Negative
netanya hou biden terrorist war criminal biden siyonist killer,Negative
abandonment ukraine republican christmas gift putin weird speaker mike johnson inexplicable power refuse vote damage done u reputation ally china iran hamas loving please vote normal people,Negative
hamas lover guilty war crime innocent israeli people started war,Negative
eye opener brit people openly support terrorism hamas live amongst u,Negative
sure land victim hamas refuse investigation israeli death spread lie fabricate video ban dna test target journalist people turn israeli propaganda,Negative
support hamas hamas proscribed terrorist organisation,Negative
war rarely fair fight usually one side clear superiority term number technology deciding factor hamas sort stupid pick fight likely going die result,Negative
wnyc brianlehrer allofitwnyc radiolab onthemedia arunnyc please background check giving space radical terror associated hamas supporter sunitasunitav sunitasunitav represent india hindu association terror group n,Negative
screw ceasefire liquidate murdering rapist baby killing hamas swine,Negative
see full depth interview patreon israel bullying tactic,Negative
getting as beat war hamas started genocide fa fo,Negative
dozen dozen nazi terrorist surrendering topmost coward mainly hamas followed nazi coward pij terrorist chicken hid civilian dear forced distinguish let civilian free problem jew simply submit take lying go fuck,Negative
statement piss focus much hamas without zero context palestinian defending tyrannical government pm gc ca en news statement,Negative
whole generation people let savage hamas remain power,Negative
ceasefire keep raining hell fucking hamas slum slum dog millionaire long live idf idf support,Negative
pray palestine save gaza child israeli new nazism israel terrorist organization netanya hou biden terrorist war criminal,Negative
rift u israel spilled public view tuesday president biden warned israel losing international support campaign hamas prime minister benjamin netanyahu publicly rejected american plan post war gaza,Negative
ceasefire ln gaza stop gaza genocide netanya hou biden terrorist war criminal von der le yen criminal war zionism judaism,Negative
idf released video close combat fighting idf soldier hamas terrorist gaza city grenade thrown soldier despite injured manages eliminate terrorist,Negative
know stupid resolution hamas broke ceasefire day ago launching rocket israel nothing going stop war hamas functionally eliminated,Negative
different whereas pro israeli back genocide guarantee bet ask virtually anyone pro palestine march okay kill innocent people whether right take innocent people hostage virtually say,Negative
pier standard anyone support financially otherwise hamas terrorist ok make israel country supported establishment hamas funded million dollar organization make terrorist org,Negative
watch read subtitle tirade hamas leader jew israeli everywhere must attack every jew face planet must slaughter kill negotiation recognizing israel never recognize israel forgoing call genocide jew israeli term genocide defined intentional systematic destruction racial ethnic religious national group deicide stand,Negative
ya allah almighty powerful protector saviour leave person hear du let person get away transgressed atrociously without mercy free palestine israeli sater rist netanya hou criminal war,Negative
explain tje jew illegal settlement golan anti hamas operation jew invading genociding people area primarily uk canada u backing year jew milenia ago jew invader,Negative
cease fire till hamas destroyed sorry,Negative
netanya hou biden terrorist war criminal,Negative
tonight privilege hear family israeli hostage captured hamas terrorist october others said hamas cross line line hamas terrorist unspeakably evil barbarian must destroyed antisemitism violence must opposed every turn,Negative
idf want pressure hamas another prisoner exchange,Negative
palestinian barbarian nation save hamas terrorist,Negative
idf must eliminate hamas rescue remaining hostage since beginning hell one ha requested return hostage hamas surrender blood n hand,Negative
mean hamas please refer palestinian majority innocent civilian indiscriminately slaughtered israel,Negative
biden struggle without teleprompter hanukkah celebration say year since hamas attacked jew video via gatewaypundit,Negative
hamas bragged filmed butchering raping murdering innocent kid anyone capable aberrant barbarism would take care hostage human human could ever treat another person badly human humanity proving hamas satanic,Negative
friendly fire given terrorist infiltrated definitely casualty friendly fire probably death case even number bigger hamas fault,Negative
israel kidnapping woman civilian claiming hamas refuse go tunnel every one hostage must released,Negative
egyptian source israel asks egypt qatar mediate another cease fire hamas,Negative
let guess palestinian men terrorist according israel got ta round civilian make look like got hamas single hostage found,Negative
gaza holocaust israel ter rist hamas terrorist hamas legal resistance netanya hou criminal war netanya hou biden terrorist war criminal israel fight humanity israel lie people die israel new nazism israel terrorist state,Negative
jew mass murdered continue mass murder men woman child crime hamas even commit form justice pretend fucking sicko jew invader agressors middleeast indigenous book say jew animal,Negative
netanya hou biden terrorist war criminal,Negative
bro think world started oct thing working west bank without hamas hear home getting stolen stop settler simple jack since answer,Negative
israeli hostage eden zakaria kidnapped music festival oct found dead hamas tunnel gaza,Negative
shehusani senator nigeria stop killing southern kaduna state actbrigitte israel mikepompeo whitehouse realdonaldtrump passportcan australia switzland watch tomorrow pretend like holy angel emigrate,Negative
soldier way would explain wound kill would right tried kill woman hamas gentleman,Negative
israel terrorist zionist terrorist netanya hou biden terrorist war criminal,Negative
child hostage currency ended anything given hamas resource escape route hostage must returned child must returned israel deal encouraged year hostage taking,Negative
nazi caused conflict killed million people murdered million people death camp planned global campaign slavery multiple genocide think hamas worse probably think european assessed leniently,Negative
keep mind exactly accuse hamas find picture hamas using kid human shield,Negative
course hamas attempt kill jew exactly paid say like isi taliban al queda mujahadin etc forget paid,Negative
say whatever want hamas well aware extreme importance prisoner anything happens israeli army hold responsible much violent bombing longer anything fear,Negative
little difficult hamas strike qatar,Negative
israel would never ever people already know hamas first time israel attack since beginning conspiracy theory debunked,Negative
breaking unconfirmed wsj israel begin pumping seawater hamas gaza tunnel,Negative
dismissed midlde class poor disabled vetrans law enforcement jew hamas victim see karma comming late family ashamed,Negative
probably would use word casualty war course un also called another name support call war child hamas,Negative
look old yemeni git declaring war israel like middle eastern version dad army,Negative
breaking news another batch hamas terrorist surrendered front israeli defence force gaza hamas shock suffering repeated loss hamas threatens israel regarding safety hostage hamas want ceasefire netanyahu issue stark warning hamas surrender face severe consequence say hamas die hamas leader surrender many started surrendering,Negative
big question day hamas release rest hostage tit tat already got returned started war stopped truce going tell israel damn nwo,Negative
warning attacked terrorist whilst wondering refugee camp bethlehem attacked local terrorist almost killed love israel murdered friend relative stolen innocence,Negative
hamas hamas must destroyed,Negative
absurd oct hamas tortured raped kidnapped slaughtered child woman elderly economics,Negative
many u citizen live israel gaza wider region many dual citizen deeper story wonder folk domestic terrorist garland wray wray warned u done sick played,Negative
gyhoya clearly sense history logic million gazans israel wanted dead dead military advanced wanted dead issue warning hamas want gazans killed far less would,Negative
anti semitism arse god chosen people bullshit goy tolerate extremely violent religion commits genocide compared israel crime hamas may well accused jaywalking israel mass murdering palestinian long,Negative
river sea hamas flee gaza report december hannukah day let forget hamas still surrender even today want stop catastrophe brought gaza slowly looking map attached tell northern part gaza fall shajaiya surrounded bombarded constantly jabalya gaza city center falastin square parking tank israeli flag flying southern map show israel takeover khan yunis largest city size wise also beginning two arrow capture rafah along egyptian border,Negative
gaza exposed much west free speech criticize israel lose job human right buzz word attack country palestinian get democracy protest want ceasefire govt listen intl law suit u,Negative
believe number issued hamas wondering journalist rode alongside hamas palestinian terrorist civilian october,Negative
breaking australia canada new zealand fed israel prime minister said joint statement alarmed diminishing safe space civilian gaza price defeating hamas continuous suffering palestinian civilian come biden criticized war criminal netanyahu israel today matter much western country want longer justify defend israel genocide massacre child use phosphorus bomb bombing hospital school refugee camp countless war crime even hitler could blame,Negative
free palestine netanya hou biden terrorist war criminal,Negative
listen jewish person opinion basically saying saying one jewish ppl least definitely clearly see happening based history hamas wrong sure netanyahu seems complicit,Negative
rachelreevesmp urging hamas release hostage return humanitarian aid mentioning israel govt committing war crime allowing party support ceasefire amendment labour friend war crime,Negative
david son jesse midst biafra land goliath nizooria hamas terrorist gon na,Negative
biden say long ago dead father survived recent hamas attack need know israel truth usa president ability govern,Negative
israel war day israeli ambassador un gilad erdan speaks un general assembly israel hamas war idf israel terrorism israelpalestinianwar gaza hamas israelunderattack gazaoffensive hostage hostage hostage gila der dan un,Negative
fathi hamas hamas leader former interior minister speaking kill jew israel need kill across world ceasefire leaving guy charge gaza happen chance,Negative
chase kowalski many little kid sandy hookelemschool gunned republican support nra anti american terrorist org worse hamas cancer christmas politician judge strict gun control readallmytweets,Negative
take innocent people strip clothes photograph kill accuse hamas lie long lie hypocrisy continue world silent,Negative
civilian say seawater threat fresh water supply people support hamas worry,Negative
hamas hiding hospital war crime bombing terrorist location war crime purpose war,Negative
death toll palestinian killed surviving family dead wishing dead israel every death leaf behind individual remain dead inside forever,Negative
israel become ultimate jugde truth playing victim blaming everything someone nature zionist liar,Negative
un solution regarding hamas legitimate governmental agency gaza massacring kidnapping israeli antonioguterres farce,Negative
hamas keep blowing stuff really horse race either way blame israel response want america stay,Negative
somehow hamas stealing israel baby israel fault propagandist incredible work moral depravity cloaked hundred character,Negative
heartbroken report year old idf master sergeant tzvika lavi critically injured current operation hamas terrorist gaza succumbed wound may memory heroism brave idf soldier forever blessing,Negative
hamas surrender oppressor israel would surrender apartheid oppression genocide educate,Negative
palestinian academic criticises global response gaza massacre recent sky news interview palestinian academic ghada karmi criticised israel murderous assault gaza silence western world israel feel anything attack hospital kill child make people destitute destroy home said highlighting state red line karmi questioned inaction u western country expressed disbelief israeli onslaught gaza allowed continue western world standing letting happen israel killed palestinian displaced million people since october palestine israel genocide gaza gazaunderattack ceasefire ceasefirenow stand palestine united nation westbank attack,Negative
incredible feat arming one genociding incredible feat enforcing ceasefire israel continuing breach bombing gaza strip surrounding country like syria stop eating biden shit,Negative
image hamas prisoner sparked outrage via jnsorg,Negative
hamas finished rocket fired towards yafa,Negative
p trigger warning combat footage gaza idf soldier bodycam recording nearly dy grenade close enough think checked concussion tbi kill hamas combatant close range multiple rifle round horrifying educational,Negative
gutless scumbags liberal government betrays israel voting biased un resolution calling ceasefire would benefit hamas,Negative
road hamas think thats telegram content idf soldier send death cult israeli,Negative
logic complaining hamas muslim hate pathological obsession comment base false conclusion,Negative
dr phil university president saw hamas footage resign,Negative
hanging thread thread america veto security council ceasefire ceasefire mean hamas win israel loses drmichaeloren former israeli ambassador u break disagreement u israel surrounding day war,Negative
breaking house oversight committee spokesperson chairman james comer jim jordan clear hunter biden must appear deposition december initiate contempt congress proceeding,Negative
uk always used know ally would appear water muddied problem providing weapon hamas think,Negative
gaza holocaust israel ter rist hamas terrorist hamas legal resistance netanya hou criminal war netanya hou biden terrorist war criminal israel fight humanity israel lie people die israel new nazism israel terrorist state,Negative
israeli hostage eden zakaria kidnapped music festival oct found dead hamas tunnel gaza,Negative
hamas responsible horror visited gaza hamas end instantly surrendering unconditionally hamas forced surrender eventually anyway,Negative
matter long stay battlefield think hamas recruit,Negative
strike gaza stand palestine gaza real terrorist organisation netanya hou biden terrorist war criminal,Negative
complex deeply entrenched conflict israel hamas one must acknowledge overwhelming responsibility civilian death toll gaza lie squarely shoulder hamas asymmetry casualty figure israeli palestinian civilian indicative israel wrongdoing rather reflection ruthless immoral tactic employed hamas true death count civilian gaza may higher israel automatically cast israel aggressor unjustified perpetrator nature war inherently brutal proportional response straightforward metric facing enemy like hamas deliberately place military infrastructure amidst civilian population essentially using human shield reprehensible strategy significantly complicates effort minimize civilian casualty side israel commitment citizen safety make villain rather underscore prioritization duty protect people fact israel engaged defensive war organization openly call destruction understated hamas persistent rocket attack tunnel construction belligerent activity necessitate robust response israel eliminate threat argument israel despite higher civilian death toll gaza justified action strengthened understanding winning war equate moral condemnation warfare goal elimination enemy capacity harm precise tit tat exchange casualty israel military operation aim degrade hamas ability launch attack thereby safeguarding citizen moreover assertion death gaza responsibility hamas mere opinion demonstrable fact hamas use civilian infrastructure military purpose encouragement civilian remain targeted area deliberate disregard life people contribute significantly tragic toll innocent life gaza employing tactic hamas cynically manipulates narrative attempting garner international sympathy simultaneously perpetuating suffering population argue israel cease military operation due reprehensible tactic employed hamas misunderstand nature warfare elimination hamas terrorist organization would ultimately save life side long run grim reality conflict particularly middle east marked complex geopolitical factor historical animosity presence non state actor sinister motif assertion israel justified military action despite disparity civilian death toll opinion reasoned analysis intricate dynamic play essential recognize intentional immoral strategy employed hamas directly contribute tragic loss civilian life gaza complexity israel hamas conflict demand nuanced understanding go beyond simplistic assessment based solely casualty figure,Negative
well israel attack us liberty killed usa sailor nothing done idea sink ship blame egypt order get usa war,Negative
save gaza israel crime save gaza zionist save gaza save gaza civilian pray gaza gaza genocide netanya hou biden terrorist war criminal israeli lie israel terrorist state israel new nazism stop talking pray gaza permanent ceasefire,Negative
israel terrorist state,Negative
need politely ask hamas stop firing rocket raping israeli,Negative
fuck would want hamas,Negative
gaza holocaust israel ter rist hamas terrorist hamas legal resistance netanya hou criminal war netanya hou biden terrorist war criminal israel fight humanity israel lie people die israel new nazism israel terrorist state,Negative
hamas terrorist ama netanya hou criminal war basit gercek,Negative
wakas younis labour councillor finally suspended muslim backed uklabour filmed encouraging brit join hamas fight palestine cuz nobody fight talk cuz talk,Negative
vote ceasefire vote hamas islamic terrorist hostage returned safely letting,Negative
tell hamas release hostage,Negative
guess people palestine regret voting hamas later cheering israeli woman child raped murdered think,Negative
please provide proof child died one hamas member one killed hamas misfired missile leave idf warned,Negative
washington c blindsided one shock hamas claim,Negative
good news pro palestinian israel fighting free hostage hamas well kill hamas free gaza hamas,Negative
knew ceasefire would pr sake want take eye gaza finish genocide looking israel lying facist regime stop make stop free palestine isr aei free pala e stine,Negative
israeli government attack child saying going hamas,Negative
fellow jew vote biden donate campaign due political pressure caving hamas side,Negative
good message eg life jewish civilian murdered raped disfigured kidnapped ignored immediately hamas atrocity started war considered equal,Negative
think retweeting going palestine nothing need watch video understand feeling helplessness propaganda israel stop talking palestine stop calling freedom river sea,Negative
stupid argument lol israel bomb gaza point inhabitable rubble resulting thousand civilian death there one point finger except israel,Negative
pakistani envoy munir akram criticised proposed amendment general assembly resolution said would condemn one side exonerate friend blame hamas amendment equitable akram said,Negative
israel hamas war israel hamas terror rist hamas nazi holocaust zionist terrorist ukraine palestinian night gaza smelled death number lazy talk gaza voice save child,Negative
believe people liar israel eradicate hamas world better place,Negative
ask hamas hiding tunnel taking food water people refusing end fiasco started ask releasing hostage surrender,Negative
idf soldier engages two hamas terrorist blown building neutralises first terrorist almost blown grenade second one idf soldier somehow survives blast neutralises second terrorist close range insane fpv footage,Negative
israel hamas took hostage idf came slaughtering everyone indiscriminately already know israeli doctor confirmed rape lie condemn israel occupation,Negative
stupid ground offensive started iof main goal rescue hostage flooding tunnel could possibly housing remaining hostage hamas make really think theyre really saving slaughter people,Negative
believe true condemn hamas hostage taker actively working part safe return condemn israeli political extremism netanyahu well war crime idf speaking afghan war experience hunted aq protecting civilian,Negative
think hostage dead hamas refused release,Negative
breakfast exist thanksgiving starve dinner ready,Negative
call religious hate crime greed driven evil beast butchered intelligent human being living pleasing healthy life n looted lan n resource carnal lust human r still able identify beast evident hamas attack israel,Negative
karna ada yg blg delayed tp emg israel bunch liar,Negative
let see biden going walk talk israel hamas war joe biden genocide joe netanya hou criminal war,Negative
killing civilian israel long term interest negotiated end war calculus x number prisoner number hostage eradicate hate bombing civilian israel guaranteed hamas survival,Negative
capitankaplan gabylob israelinspanish hamas terrorist,Negative
two israeli hostage kidnapped hamas oct found dead named eden zechariah ziv dado body found hidden hamas tunnel recovered idf force gaza recovery effort two idf soldier killed hamas named master sgt re gal meir eisenkot master sgt re eyal meir berkovich source jerusalem post,Negative
hamas tunnel hospital elevator terrorist name day week arabic hamas weapon hospital israel staged weapon home hamas navy commander hamas navy,Negative
gaza holocaust israel ter rist hamas terrorist hamas legal resistance netanya hou criminal war netanya hou biden terrorist war criminal israel fight humanity israel lie people die israel new nazism israel terrorist state,Negative
ok izrael left gaza forcibly rehomed want leave hamas attacked butchered kidnapped izraelis izrael starting gaza izrael blame funny,Negative
hamas broke ceasefire already got supposed hamas enter ceasefire,Negative
u planet pro israel country decade israel received aid u country pro israel resolution pas congress lopsided vote like extreme self victimhood needed believe usg anti israel,Negative
netanya hou biden terrorist war criminal israel,Negative
land grab motive hamas excuse pretend shocked,Negative
think hamas friend china israeli palestinian conflict complicated matter like two people fight case fault,Negative
well least stabbing beheading anyone yell fellow indecent hamas supporter shitter would kill guy,Negative
free palestine strike gaza julidfiisabilillah u sponsor genocide palestine israel war crime israel genocide israel terrorism save mohamad safa netanya hou biden terrorist war criminal,Negative
way achieve peace hamas surrender release hostage,Negative
zionist real terrorist netanya hou biden terrorist war criminal idf terrorist army usa terrorist,Negative
public knowledge hostage held hamas treated utmost respect heard hannibal directive israel care less hostage want continue genocide much cook australia,Negative
think biden puppet master obama vile disgusting biden refuse allow american family hamas hostage attend white house hanukkah event,Negative
leading human right group community organization joined campaign call canadian government leadership securing justice accountability canadian murdered maimed taken hostage hamas read press release,Negative
resistence pathetic delusion hamas finished people gaza rebuild time try building nation instead seeking destroy neighbor imagine gaza might without hamas without war,Negative
cnni joebiden genocide joe netanya hou criminal war,Negative
ceasefire hamas killed people bus stop,Negative
propeace propalestine never metooforjews demonic terrorist blood raoe broken pelvis cut breast fuck hamas burn hell hamas,Negative
ya se lleno de los pig sionistas genocidas del averno israel debe desparecer por el bien de la humanidad palestina libre netanya hou criminal war,Negative
major thakur dalpat singh jodhpur cavalry hero israel battle haifa city liberated israel evil islamic force ottoman empire,Negative
eylon whose family member including kfir bibas month still held hostage hamas gaza recent visit politician dublin eylon saw ripped photo family member including child,Negative
arrested two goon incitement charge deported hamas attempted genocide jewish people october moron uk tv defending championing banned terrorist organisation tissue lie ban,Negative
genocide one hamas tried perpetrate oct,Negative
said medium report terror attack reported canada time near irresponsible blaming israel bombing hospital misfired rocket make mistake hyperbolic,Negative
new adl data since hamas massacre israel oct u antisemitic incident reached highest number incident two month period since adl began tracking senschumer said recently five alarm fire must extinguished,Negative
summer olympics mossad response operation wrath god news today hamas leader told qatar longer guarantee safety like share story operation code named operation wrath god follows similar plot oct story show mossad instills fear enemy jewish state summer olympics summer olympics west germany israeli athlete kidnapped murdered palestinian group black september year world stood silent jew brutally murdered horrified world indifference israeli prime minister golda meir secretly authorized mossad track kill responsible massacre detail operation made public decade later dubbed operation wrath god popularized steven spielberg munich kidnapping munich olympics israeli athlete slept eight tracksuit clad terrorist palestinian group black september scaled metre ft chain link fence olympic village entered israeli dorm carried duffel bag loaded akm assault rifle tokarev pistol grenade two israeli athlete killed upon entry nine taken hostage black september demanded release palestinian prisoner israeli prison safe passage country release german police rescue attempt failed israeli hostage five terrorist german officer killed brutal attack israeli year holocaust devastating blow jewish world golda meir prime minister israel appealed country save citizen condemn unspeakable criminal act committed world silent atrocity carried jewish people order deter future attack israel needed show world killing jew come high price golda secretly authorized mossad track kill responsible munich massacre within intelligence world group instill respect fear much israel mossad equivalent cia kgb mossad national intelligence agency state israel suspected leader black september would tracked across globe assassinated alongside people accused taking part munich massacre operation conducted mostly western europe trying avoid eastern bloc arab league country attack showed israel enemy long arm israel know limit story wael zwaiter rome italy wael zwaiter born nablus british mandate palestine appointed head black september fatah rome fun fact also cousin plo leader yasser arafat returned apartment building night october met two mossad agent shot time lobby building israeli athlete executed hussein al bashir nicosia cyprus night january hussein al bashir jordanian fatah representative cyprus turned light olympic hotel room nicosia moment later bomb planted bed remotely detonated killing destroying room israel believed head black september cyprus though another reason assassination may close tie kgb mahmoud hamshari paris france dr mahmoud hamshari plo representative france using agent posing journalist mossad lured apartment paris allow team enter install bomb underneath desk telephone december journalist called hamshari received telephone call apartment confirmed picked phone signal sent telephone detonate bomb hamshari immediately killed blast died within month injury operation spring youth beirut lebanon october early series assassination caused significant concern among palestinian leader however operation spring youth april profoundly impacted arab world operation noted boldness particularly shocking senior palestinian leader like yasser arafat abu iyad ali hassan salameh close proximity conflict led widespread belief israel could reach anyone anywhere time despite adequate intelligence assassination mossad faced challenge due densely civilain populated area target making explosive non viable option necessity close contact assassination difficulty escaping post operation led conclusion mossad alone execute mission instead would require military operation idf night april israeli special force including sayeret matkal paratrooper naval commando conducted raid beirut sidon lebanon targeting palestine liberation organization plo assassinated plo member including yasser arafat deputy abu youssef israeli force embarked haifa port reached beirut beach using inflatable boat mossad agent prepared vehicle arrival force divided group targeted specific location among idf commander lieutenant colonel ehud barak future prime minister israel operation resulted death three high level plo leader plo member lebanese security personnel civilian two israeli soldier ali hassan salameh beirut lebanon nicknamed red prince salameh believed israel mastermind behind munich massacre five unsuccessful attempt salameh movement picked beirut late autumn female mossad agent identifying erika chamber code named agent penelope entered lebanon uk passport rented apartment rue verdun street frequently used salameh agent joined time arrival volkswagen packed plastic explosive parked along rue verdun within view rented apartment p january salameh four bodyguard drove street chevrolet station wagon explosive volkswagen detonated apartment radio device killing everyone vehicle terror attack jew new concept due mossad spilling jewish blood come high cost even conducted foreign soil,Negative
let endorse hamas rape beheading lose cushy job,Negative
free palestine zionist evil netanya hou biden terrorist war criminal,Negative
israel built bomb shelter tunnel,Negative
perhaps recommend med though particularly effective job curbing obsessive hatred jew israel,Negative
quit firing rocket happen point people gaza stand hamas expect others solve problem,Negative
palestine palestinian terrorist hamas gunman atop aid truck entered gaza strip fired palestinian civilian,Negative
israel illegal palestinian control water,Negative
jew bad harry potter bad hamas fine,Negative
insane footage idf soldier kill hamas terrorist point blank range hero oh worry ministry health gaza controlled hamas already added terrorist list innocent civilian killed must know estimated dead terrorist mean ratio reference ratio afghanistan war taliban meaning every dead terrorist innocent civilian died sure go ahead adopt narrative terrorist organization join chorus accusing israel genocide idiot,Negative
netanya hou criminal war,Negative
read comment original tweet scary many anti israel people appear obviously anti israel anti hamas,Negative
shame hamas plo rejected offer israel made stand nothing allows israel exist,Negative
started hamas defeated fatah killed declared war israel,Negative
oh israel fault know stick sock hamas terrorist organization attacked first,Negative
conflict israel hamas dead palestinian would beg differ,Negative
blame go join hamas israhell u left choice fight nothing lose anymore,Negative
wrong war criminal hamas plain simple,Negative
refuse answer support hamas attack jewish civilian october yes coward moment truth coward,Negative
making clear stand israel demand full release hostage surrender hamas,Negative
georgia man preparing travel israel visit son fighting hamas israel war,Negative
really kidnap kill raped holding hostage cry since winning anymore want play victim card release hostage gave hamas member idf ceasefire topic also dont elect terrorist goverment,Negative
un good nothing asking ceasefire family held terrorist hamas zero un,Negative
garfield denounce hamas picture smiling attending fundraiser idf shame,Negative
hamas must release hostage stop using palestinian civilian human shield lay arm stop importing terrorist sympathizer country watch islamaphobia disappear,Negative
free palestine netanya hou criminal war,Negative
change beginning repeated question hamas putin ali khamenei spirit ghadafi started war human palestinian shield,Negative
hamas collection loser hiding behind civilian roar like lion fight like rabbit embarrassing,Negative
still think hamas know price terrible also working get moral declaration,Negative
netanya hou criminal war,Negative
idea fighting russia need done beat china illusion thinking russia hamas way washington evades actual responsibility dems lot republican neck deep chinese connection,Negative
israel commits genocide palestinian instagram automatically censoring phrase river sea call freedom falsely labeled hate speech zionism gravest threat free speech west,Negative
obviously pro fucking hamas mean terrorist well using x spread hate false information everyone know nothing hamas well get fuck x,Negative
netanyahu declare lost goal battle netanya hou biden terrorist war criminal,Negative
israel arrested head al shifa hospital reporter zionist network kan announced user account x arrest head al shifa hospital gaza zionist regime,Negative
student together figure electing hamas attack israel bad idea,Negative
show jon reid msnbc upset feel sorry poor hamas terrorist feel sorry raped tortured murdered israeli woman men baby bc jewish heartless disgusting,Negative
idf accused bomb sea hit wiped entire ghaliya family turned explosion killed caused unexploded hamas munition,Negative
telling possible fight hamas without killing civilian school hospital refugee center sky also stupid hamas could used child human shield understand fighting without shield,Negative
david sack know well promoting totalitarianism war crime continues support kremlin hamas terrorist revision nuremberg neo nazism purest form,Negative
breaking zionist commando seriously wounded failed attempt rescue prisoner held hamas zionist pressure failed release remaining prisoner nearly month invading gaza,Negative
make mistake calling anything without demanding hamas surrender obviously pro israel pro palestinian either pro hamas meaning pro terrorism pro hate pro endless cycle death israeli palestinian,Negative
kill truly would understand scorched earth idf mindset get ceasefire every last hamas beast dead,Negative
masyaa allah free palestine strike gaza julidfiisabilillah u sponsor genocide palestine israel war crime israel genocide israel terrorism save mohamad safa netanya hou bid rn terrorist war criminal,Negative
biden admin want israel hamas war ended get,Negative
ceasefire palestinian broke every time calling humanitarian gunna stop hamas beheading baby,Negative
un general assembly prepares vote resolution demanding ceasefire gaza israel ambassador suggests calling hamas gaza instead,Negative
hamas care civilian suffer,Negative
strike gaza netanya hou biden terrorist war criminal,Negative
netanya hou biden terrorist war criminal,Negative
additionally platform apologia zionist genocide claiming hamas use human shield double standard ireland crime occupation simply disproportionate isnt larger anti imperialist movement,Negative
israel hamas war list key event day israel palestine conflict news ukrainenews co ukrainenews co lifestyle wha,Negative
haunt rest life hamas filmed footage oct massacre atrocity committed people defend cheer pro hamas rally rally vandalizing jewish owned business assaulting people police shame mitchell,Negative
believe israeli woman solidarity event toronto condemning hamas mass rape sexual abuse mutilation israeli woman bear witness testimony rape sexual violence said former ontario liberal premier kathleen wynne alongside former senior minister deputy conservative party leader lisa raitt cheri dinovo united church minister former ndp member provincial parliament ontario deny stay silent face sexual violence affront victim wynne said,Negative
language important israel hamas war way presenting palestinian hamas killing indiscriminately justified thousand child murdered doctor killed journalist targeted hamas genocide palestinian,Negative
one gaza specifically gaza palestine whole majority support wrong half gazans child therefore inable actually forumate opinion hamas half actually voted hamas,Negative
epoch time publish counter even balanced perspective israel hamas war example david bell article regularly published epoch time published one recent article brownstone titled death human decency regarding israel hamas war reader would consider balanced non offensive epoch time publish article like published three opinion piece pro israel,Negative
well said sensanders know permanent cease fire hamas said october october want destroy israel want permanent war free hostage forge state solution without hamas,Negative
hostage murdered hamas everything hamas devil work hamas deserves death,Negative
defend killing civilian hmm hamas clearly ethnic cleansing fully paid bought usa israel another investment war business,Negative
talking israel crime max expert topic israel crime american medium sweeping crime rug genocide palestine stop gaza genocide,Negative
adopted statement cockroach brother hamas spouting decade weird,Negative
glenn insipid appeaser assumes proscribed terrorist group hamas sworn commit oct negotiated hamas demand release convicted terrorist intend carry murdering jew upon release idf settle impasse,Negative
urging hamas release hostage surrender think resign,Negative
soros org cut check antisemitic charity accused hamas terror tie geller report,Negative
last gasp corrupted organization deeply intertwined hamas expelled gaza,Negative
israel good palestinian evil promoted hamas devil cry lost plot hamas overpowered israel world would seen real cruel face palestinian god punished monster,Negative
go talk hamas leader love pretty woman realize hamas must destroyed monster terrorist free hostage,Negative
hamas casualty number,Negative
boring man defending hamas,Negative
sickening hamas must eradicated earth,Negative
su ella braverman call british value value pinch salt unsc united state united kingdom israeli terrorist state israeli lie netanya hou criminal war netanyahu war criminal israel ter rist zionist zionist regime palestinian life matter,Negative
war end hamas surrender hostage returned safe live kfar azba,Negative
time person year used hitler together sheik al husseini endorced murder jew little taylor grown attends hamas fundraising charity fitting think,Negative
called war hamas hiding school hospital carry attack israel blame hamas israel,Negative
ukraine selling russian iranian weapon enemy hamas owner iran say think ukraine enemy iran israel supporter special kind,Negative
died alone floor earth soul flying angel god almighty bless soul young man dmodoscutter abbymartin georgegalloway jonathankcook free palestine israel israel gaza genocide palestine genocide gaza concentration camp,Negative
probably hamas animal wanted shut atrocity hostage wonder red cross red crescent murdered,Negative
murder rape israeli oct led spike antisemitism anger hamas yet world tolerate photo defeated palestinian terrorist,Negative
netanya hou criminal war,Negative
seems islamophobic racist gert wilder next prime minister netherlands travelled israel time received funding middle east forum headed former israeli foreign ministry employee greg roman,Negative
smart want send aid know going hamas want see hamas iran axis destroyed weakened blaming israel u keep arab world happy know impossible ask time give cover,Negative
hamas black jew isreali hostage many year nobody isreal government cared release,Negative
bottom picture hamas upper israeli prisoner see difference,Negative
israel bombed parent brother sister death gaza al naseerat camp,Negative
fraud called hamas cease fire release hostage,Negative
hate hamas created israel long israel exists form hamas exist,Negative
good harvard fire plagiarist hamas lady people begin understand entrenched force evil yes modern far left want genocide swift victory would led false sense security gon na long fight,Negative
difficult un condemn hamas,Negative
find monday tuesday wednesday thursday friday saturday sunday hide israel,Negative
managing public perception become complicity ethnic cleansing biden administration concerned humanitarian pause give journalist access gaza expose war crime could impact public opinion israel,Negative
gaza report report seem shady orchestrated portray negative view palestinian hamas told u today golani slaughter hamas strip intel good,Negative
last year hamas broken three ceasefires nd war instigated hamas formal warning declaration war murder started think different time,Negative
thank sulaiman habibti heart importantly allah weak human tweeting protesting mad right free palestine form zion hamas hero netanya hou biden terrorist war criminal,Negative
year forced concentration camp hitler nazi israel look video speaks volume israel manipulating video planning weapon justifying mass murder woman child baby,Negative
meant hamas chyna worst prez usa far,Negative
fake video guy hamas member even muslim show people video netanyahu cabinet member saying thing mayor jerusalem knesset member count,Negative
antonioguterres really want ceasefire israel stop defending whenever hamas break ceasefire silent israel defends speaks,Negative
free palestine palestine gaza attack save palestine save gaza save gaza child gaza genocide stop gaza genocide ceasefire ln gaza israel erro tist state netanya hou criminal war gaza holocaust,Negative
always cease fire broken hamas,Negative
two terrorist hamas palestine beheaded enemy,Negative
people celebrated terror attack israel u know targeted baby butchering rape murder innocent asking nay demanding ceasefire gaza nah keep treating act like animal like animal f ck around u see happens hamas,Negative
one sided resolution emboldens terrorist organisation resolution even mention hamas resolution nothing rid world evil bring back,Negative
salam hai huthi mujahidon ko netanyahu ter rist idf terrorist netanya hou biden terrorist war criminal,Negative
breaking australia canada new zealand fed israel prime minister said joint statement alarmed diminishing safe space civilian gaza price defeating hamas continuous suffering palestinian civilian come biden criticized war criminal netanyahu israel today,Negative
hundred additional hamas terrorist surrendered captured israeli force last hour gaza strip many soon transported prisoner war camp prison within israel,Negative
yes must free palestine evil cult jihadism amazing hamas muslim jewish israeli used go gaza night life beach islamism ruined even border suicide bombing started,Negative
hamas instigated needless loss life,Negative
bullshit hamas always teaching kid kill gaza,Negative
nowhere near civilian killed figure inflated hamas figure contains hamas isi combatant others killed rocket israel warn evacuate finish job,Negative
yeah hamas fault everything happened since oct hamas fault plenty prior oct hamas fault assume could murder rape pillage kidnap israel would nothing wtf thinking blind obsessed hatred,Negative
hamas look like would please explain inhuman look look like rapist murderer fucking satan people call civilian look like hamas,Negative
disconnect empathy shown across u government ukrainian victim russian aggression israeli victim hamas atrocity washington response immense tragedy unfolded gaza week since,Negative
world turned blind eye hamas sexual violence editorial israeli interrogator working tirelessly uncover extent offense committed hamas terrorist still unraveling grim detail,Negative
people died thousand rocket hamas fired sure comparable israel response,Negative
u actually one good guy wwi wwii real problem terrorist dictator extreme american republican real problem assad isi hamas hezbollah russia china,Negative
heartbroken report additional israeli soldier killed gaza current operation hamas terrorist may memory heroism brave idf soldier forever blessing,Negative
mention hamas terrorist murderer israel right defend weak piss u pol,Negative
newest israeli navy corvette german made sa ar warship fully operational equipped israel finest technology recently sent red sea tackle hout hi threat yemen october massacre october israel hamas gaza,Negative
melaniejoly hamas self appointed government gaza use head call removal terrorist group power state system work terrorist still control gaza westbank israel hamas war israeli,Negative
hamas west bank america west justify atrocity israel,Negative
point palestinian thing either theyre extemely confused seem think war dictate term simply intention compromising living peace beside israel,Negative
every western journalist e g fox news cnn embedded idf gaza let approve reporting newly humiliated admission helping israel slaughter dozen palestinian journalist biden admin worried broader access journalist gaza aka actual journalism gaza,Negative
anyone support hamas sick deserve getting hamas caused civilian get killed,Negative
check huge different martin brodeur card lot devil blue hof ebay via ebay israel gaza hamas asian game steve cohen klaus schwab tel aviv nebraska palestinian kansa state otev lido smackdown isle hockey nhl mlb nfl nba nj,Negative
exc hunter biden chinese firm brokered illicit weapon deal qatar libya fund arm hamas,Negative
ian golash communist activist teacher seapubschools chief sealth international high school used symbol violent extremist movement antifa avatar try indoctrinate radicalize student said hamas commit atrocity terror attack israel murdered people golash one plaintiff frivolous blm lawsuit seattle king county state black driver hit killed comrade tried shut freeway h thehoffather,Negative
joe biden crime laundering money via china russia ukraine funding hamas terrorist via palestinian iran ukraine appeasing terrorist gaza iran smuggling terrorist sleeper cell across border racist plagiarizer pathological liar incestuous father,Negative
every fifth citizen israel arab arab serve israel army hold seat israel parliament sat israel supreme court israel waging war arab israel waging war terrorist indiscriminately massacred jew arab israel,Negative
hamas something worse know,Negative
never hamas israel want expand middle east usa want keep ip influence genocide ethnic cleansing strike people earth supporting palestine government sad,Negative
egypt made decision blockade put israel response palestinian people voting terrorist organization kill jew written charter israel mandate egypt decision try harder,Negative
u n general assembly overwhelmingly vote demand immediate ceasefire israel hamas war via yahoo,Negative
isreal terrorist allowed burn terrorist flag said supporting hamas,Negative
hamas horrific scene killing wounded young man ramus al abushi soldier occupation al fara refugee camp city tuba shot occupation bullet without posing threat cold blooded sadistic execution part systematic policy followed government terrorism tel aviv happening sound image full view hearing world without finding deterrent international community international judicial institution,Negative
sorry stop coming back laughing anyone even bare bone understanding palestine know two state dead dead decade arguably get go,Negative
present israeli air force launching massive air strike assault hamas terrorist stronghold gaza middle east gaza hamas terrorist hamas,Negative
reiterate problem people willing able listen side story whatever story thing fit belief matter stupidity astounding seen zero evidence hamas rape,Negative
little girl terrified following israeli bombardment close save gaza child israeli new nazism israel terrorist organization netanya hou biden terrorist war criminal,Negative
netanya hou biden terrorist war criminal,Negative
yes stop hamas need surrender release hostage,Negative
two thing israel shameful record breaking every ceasefire agreement sure anyone expected anything else ceasefire strategically placed dampen anger spend money friday would damn fool,Negative
israel israelwarcriminal genocide palestine netanya hou criminal war palestine free netanya hou assasin,Negative
breaking un general assembly voted keep hamas terror regime power fortunately get decide war end october monster gone safe sleep kfar aza,Negative
aware hamas unwra stealing aid coming killing civilian trying get,Negative
five israeli soldier died entered khan yunis school gaza hamas set trap school remember next time see anti israel propaganda israel bombing school mosque israel bomb empty building need search must save life,Negative
valid point deliberately left detail storyline involving israel action inciting hamas aggression seems none according summary,Negative
yeah usually lot civilian die war hamas seemed fine decision october knowing would happen,Negative
breaking news israel begin flooding hamas tunnel beneath gaza pumping full seawater israel defense force move finally crush hamas share latest troubling report coming northern border syria lebanon meanwhile biden administration slam jewish state israel bombing gaza biden administration benjamin netanyahu government collision course join u today eastern time youtube channel break latest news israel come next,Negative
amerika laknatullah free palestine jewish terrorist israel terrorist state american monster idf terrorist army netanyahu criminal war rr netanya hou biden terrorist war criminal,Negative
bus line moriah haifa killed child street couple block way school told bus day fyi terrorist sent exactly hamas,Negative
israel hamas conflict israeli murdering innocent palestinian mean defend occupation,Negative
hearing ahmad manasra may finally freed hostage exchange please god let true ahmad suicidal adolescent imprisoned tortured israel occupation since held solitary confinement since november,Negative
israel war palestine limited gaza global operation u take form censorship bullying doxxing accusation antisemitism threat prosecution watch intifada norabf explain dispatch w raniakhalek,Negative
fuck netanyahu netanyahu terrorist zionist terrorist zionist terrorist zionist evil netanya hou criminal war netanyahu gaza war criminal,Negative
look ebu ubeyde say everytime truth lying stop terrorist human stop genocide gaza netenyahu adolf hitler difference ebu ebey de partei tag marlon netanya hou biden terrorist war criminal,Negative
piece reflects believe black white equate hamas israel sense think equally bad mean therefore think israel good current govt action right,Negative
wake hamas recognizes un calling ceasefire different michael scott screaming declare bankruptcy,Negative
war againts hamas killing civilian,Negative
anger directed hamas painful hamas made selfish decision embed within people knowing well unprovoked attack lead devastating response israel war stop right hamas release hosta,Negative
hamas break civilian house kidnap rape murder civilian family flee hide behind family war cruel mercy,Negative
exactly ukraine break away group gangster different hamas threaten u terror differently,Negative
israeli navy declared fourth final sa ar class corvette operational two year delivery amid use ongoing war hamas gaza strip,Negative
hamas terrorist propaganda video nothing civilian death reported israel,Negative
blinken call sexual violence inflicted hamas beyond anything seen blinken descendant holocaust survivor blame israel wanting wipe must awful job look horror hamas released video showing one hostage saar baruch dead video body show sign torture brutalization apparently regardless age gender young girl elderly men simply care policy submission rape islamic terrorist lengthy history sexual violence captured male prisoner often deployed soldier warned high probability raped captured,Negative
reminder antisemites gave u headache begging ceasefire even israel started military campaign essentially rob israel right self defence israel agreed ceasefire israel ready implement time hamas agreed family waiting child woman kidnapped hamas told hamas signed agreement thus whole thing put filthy scum sided hamas playing disgusting psychological warfare game child woman kidnapped family hamas supporter including uk celebrating arguing resistance upper hand set term condition ceasefire exactly wanted mark word last hamas wiped coward hiding behind smokescreen human right genocide allegation bullshit watch idf wipe every last filthy disgusting terrorist,Negative
bad put people shoe hamas make clear want kill every jew pm support imagine family recipient hate,Negative
hamas warrior different cochise geronimo v u cavalry armed european squatter settler invaded stolen n america difference israel violent euro jewish colony missed colonial period genocidal ethnic cleansing war crime,Negative
everything possible must done prevent civilian casualty gaza indiscriminate civilian casualty murder child thousand ok hamas except pro genocide disguising logical contortion really point,Negative
enough israeli ummerican genocide israel hamas war live world call ceasefire israel bombard gaza,Negative
would genius want see anyone hurt hamas brought people could end right direct accusation right direction another antisemite making excuse,Negative
everything possible must done prevent civilian casualty gaza indiscriminate civilian casualty murder child thousand ok hamas except pro genocide disguising logical contortion really point,Negative
image hamas prisoner sparked outrage via jnsorg hamas hero fearless baby killer,Negative
killed thousand kid never forget another propaganda show world r right know saw israel israel terrorist state netanya hou criminal war israel genocidal state,Negative
israel found anything close command control center promised shifa hospital presenting gun prof nothing ehud barak admits tunnel found built israel spending much time running cover government say want expel people gaza land,Negative
murdered palestinian hamas never forget,Negative
update pressure intensified israel tuesday u president joe biden warned risked losing support war hamas indiscriminate bombing gaza united nation general assembly overwhelmingly demanded ceasefire u afp com,Negative
hamas hamas hamas hamas alwaya hamas u excuse u continue kill child last soldier hamas imagine someone attack israel kill child woman civilian government surrender u want zionist,Negative
hamas rapist murderer hamas rapist murderer hamas rapist murderer hamas rapist murderer hamas rapist murderer,Negative
israel fund hamas biden fund israel iran fund hamas biden fund iran israel let happen cabal get war side never,Negative
listen former head israeli prison say must kill palestinian oh god israeli monster gaza genic ide gaza holo c oust netanya hou biden terrorist war criminal fre palestine,Negative
start war celebrates murder rape rocket israel israel fight back hamas caused people suffer hamas failed,Negative
palestine woman men hamas loving supporter really scary violent demand people phobia fear really rational person fear people,Negative
killing looting burning inflation high gas price face prez corruption squandered taxpayer half billion spent illegals releasing everyday illegal alien u soil backing terrorist hamas left billion worth weapon afghanistan etc progressive,Negative
someone shot two queer club u clear hate crime dumb pull hate gay people palestine bitch hate u u point,Negative
un condemn israel killing dead sea condemn hamas oct,Negative
maybe would food hamas unrwa stealing,Negative
least thousand people israel million population left country one month budget deficit grown shekel fell share israel five largest bank fell,Negative
jew mere collateral damage grasping ruthless mayor pursues hamas mass raping child abducting river sea genocidal voting block,Negative
benjamin netanyahu reason war elected jew want destroy palestinian wonder hamas attacked attack horrific must destroyed never happened,Negative
forget taking hamas picture,Negative
taking civilian hostage explicit war crime geneva convention unfortunately people seem care especially hamas,Negative
seems want destroy gaza hamas given indiscriminate bombing civilian infrastructure utterly deplorable,Negative
hamas english mean resistance preposition reflex movement unfortunately circle think standard argue surely also anti colonial,Negative
hundred additional hamas terrorist surrendered captured israeli force last hour gaza strip many soon transported prisoner war camp prison within israel,Negative
yes israel terrorist organization nt use civilian facility military purpose,Negative
right want ceasefire ask hamas give hostage surrender ceasefire stop putting israel like responsibility lie hamas,Negative
really exactly conflict eye leader hamas word exactly conflict please specific,Negative
proceeded hamas committed atrocity directly targeted israeli civilian massacre israel international law right self defense palestinian civilian international law multiple protection conflict zone,Negative
cobratate address palestine israel conflict,Negative
little dream queen said afraid finding parent strong lebanon boycott zara yemen strike gaza gaza genocide hamas khama rael criminal war palestinian life matter,Negative
visit al shifa met grieving father son israel struck car missile night mother daughter killed walked mile carrying daughter headless body could bury properly start oct,Negative
bana merhameti ret filistin dier mazlum corafyalardaki retmen rencilerle empati arkmz teach mercy song empathy teacher student palestine oppressed land,Negative
kid grow looking payback joe biden pier morgan ben shapiro would blame go oh condemn hamas tho fuck zionist fuck israel,Negative
hamas wanted war war could quickly palestinian people get rid terrorist hamas,Negative
palestinian attack led hamas destroyed life several thousand israeli including hostage foreigner israel relative also became victim single person israel someone killed wounded taken hostage,Negative
hamas hospital doctor nurse administer many drug another reason almost pity palestinian gaza deliberately expose child propaganda tool yes muslim society kid one designated suicide bomber,Negative
hamas attack october book attack sold month later impressive turnaround,Negative
repeat ten time hamas terrorist organization coming get u u,Negative
argentinian immigrant ron sherman abducted army base october hamas video found ron whole healthy mother said bound back pickup truck taken captive unarmed person gaza ron asthma need inhaler combat unit breathing issue bring home,Negative
uk law voicing support hamas illegal must contested public court muslim citizen uk responsibility moral citizen hold govts accountable ukgov must held accountable war crime,Negative
targeted civilian death toll would hundred thousand hamas supporter,Negative
hamas murdered woman name eden zecharya kidnapped hamas body found today never called release woman captivity whatever endured whilst,Negative
rapist murderer zionist israeli year challenge ban one video israeli woman saying hamas mistreated look woman say hamas moral humanity,Negative
gaza holocaust israel ter rist hamas terrorist hamas legal resistance netanya hou criminal war netanya hou biden terrorist war criminal israel fight humanity israel lie people die israel new nazism israel terrorist state,Negative
proof genocide palestinian deep rooted idf soldier care hamas long palestinian cool,Negative
please address evidence ap gop speaker blurring face insurrectionist criminal supporting felony count candidate w indictment actively sabotaging na sec attacking aide ukr aide putin hamas iran,Negative
hamas picked fight need reap sowed,Negative
today un security council also presented shocking picture hamas terrorist walking around armed uniform surrounded child used human shield monstrous enemy israel fighting murderous face hamas un unicef refuse condemn watch retweet,Negative
israeli stripping un school worker underwear claiming hamas pr stunt reveals zionist live action sexual role play fantasy felt humiliated want need humiliate enemy since none surrender make,Negative
un antonioguterres blood hand along terrorist hamas support shameful,Negative
hamas lover stop lying close none jew gaza million muslim arabian israel,Negative
ce petit ange vous salue depuis gaza monde sans ral netanya hou criminal war,Negative
thing hamas video thing unfortunate enough awake saturday early morning u u saw live streamed alot next day removed graphic,Negative
pray hostage held terrorist hamas,Negative
hamas terrorist highjack gaza aid truck throw scrap people need stop supporting,Negative
breaking hamas official statement zionist army incursion kamal adwan hospital desperate attempt many time failed force people leave gaza northern area culminating detention many people including medical staff assault come many day shelling siege hospital well denial water food medical supply wounded sick displaced policy bombing besieging hospital systematic destruction healthcare system gaza strip crime international humanitarian law full cover support u administration stopping crime holding fascist entity account demand international stance united resolute,Negative
death putin hamas,Negative
yeah dirty terrorist keep asking benshapiro busy man answer hamas gaza terrorist question go ahead put child misery blow b marry old man raped,Negative
oh thank g nauseating violence world witnessed hand hamas oct woman raped people burned alive thousand people running life child dragged soldier gun later hit child none,Negative
sending tweet post caucus supported hamas un caucus despises israel hate jew,Negative
horrified hamas still unwilling release hostage surrender way achieve ceasefire,Negative
report qatari government advised hamas terrorist leader leave qatar guarantee safety terrorist leader jerusalem post hamas leader leave qatar unknown destination several hamas leader left qatar unknown,Negative
logic israel stole palestinian land jew israel stole land war neighboring country israel put palestinian open air prison west bank occupation israel killed hundred palestinian hamas fought back oct,Negative
really well scare netanyahou,Negative
yeah palestinian baby killed true cause hamas said,Negative
extreme face ugliness academia havard academic medical center would sooner send kid albert einstein college medicine montefiore part jewish health system eli follow money trail uae qatar hamas iran hezbollah,Negative
yeah round capture torture rape murder israeli men woman child beforehand get full hamas experience,Negative
lol already fucking happening buddy go full retard though,Negative
understand gaza bombed understand depth national trauma israel going right image hostage hanging every corner every street every party every ideological movement died agenda alive bringing back hostage exterminate hamas matter price reason october able happen israeli started trust gazans trust shattered outrageous way possible imagine starting trust enemy use trust kill daughter kidnap mother think israeli ever accept forgive forget trust destroyed never seen people community emotionally battered israeli right feel sadness grief air breathe jerusalem tel aviv also moved much israeli love nation people far go people moved also jealous october swedish tragedy would take swede less day start organising rainbow anti hate protest israeli hand know well negotiate terrorist,Negative
heartbroken share body year old idf warrant officer ziv dado kidnapped hamas terrorist southern israel october found gaza heart go ziv family loved one wake senseless tragedy may memory forever blessing,Negative
dumb american like scream hamas terrorist supporting real terrorist usa izrahell baby bomber long keep cognitive dissonance,Negative
founder hamas sheikh ahmed ismail hassan yassin said hate jew fight jew jew people religion people religion love people different religion brother even brother muslim steal house kick resist tinyurl com gaza need u,Negative
decision advertising agency london stop free israeli hostage campaign disgrace surrender supporter terrorism israeli foreign national including baby child woman elderly abducted hamas terrorist carrying hate crime crime humanity attempt silence call free hostage succeed continue whatever every single one hostage returned family,Negative
definition hamas terrorist organization freedom fighting organization definition idf terrorist organization israel illegally occupying palestine,Negative
civilian pain harm deeply disturbing reminder israel many palestinian woman especially child custody hamas israeli condemnation consistent magnitude quantum misery,Negative
lol nazi would mean hate jew love jew nazi slur idiotic considering took holocaust survivor hostage obsessed israel always fascinating really join hamas war effort,Negative
loser see hamas supporter,Negative
yes yes israel beacon western value denying value settler colonialism genocide fascism pantomime democracy state propaganda,Negative
hamas piersmorgan condemns,Negative
hamas collapsing early say,Negative
worried global temperature increasing dying virus case survival rate putin hamas attacking canada zero none nada nix zilch p tell putin bring vodka supply ice,Negative
waking video camp raided seeing family member name list young men abducted israeli soldier normal part palestinian palestine,Negative
country bring add simple amendment resolution today declare unga unequivocally reject condemns heinous terrorist attack hamas taking hostage nation whose opinion safely disregard,Negative
yeah islam stew cool right sure would love terror rule right photo church taken rocket fired church ammo stored exploded yet would blame israel blame hamas,Negative
ignore new election hamas defeated likud cohort power,Negative
free palestine palestine gaza attack save palestine save gaza save gaza child gaza genocide stop gaza genocide ceasefire ln gaza israel erro tist state netanya hou criminal war gaza holocaust,Negative
communitynotes post misleading school empty unrwa school used hamas even unrwa admitted unrwa condemns placement rocket second time one school july israel say photo show hamas place weapon near u n facility gaza including school hamas terror tunnel next unrwa school gaza destroyed hamas shot idf troop unrwa school,Negative
israel drop white phosphorus village meiss el jabal southern lebanon,Negative
shame albanese government abandoning ally voting ceasefire unless motion also call hamas unconditionally surrender release hostage alive dead would australia support reprieve hamas,Negative
always supporter hamas rapist lie story event truth hurt people gaza sacrificed hamas rapist,Negative
save gaza child israeli new nazism israel terrorist organization netanya hou biden terrorist war criminal,Negative
kibutzim militarized community pro palestinian israeli lived militarized community musical event hamas viciously attacked musical event peace,Negative
reminder hamas elected ruler gaza hence military action must take account attack another entity impact people gaza,Negative
true contrary hamas protects europe religious radical among jew see first picture isi terrorist captured identified mossad member police interrogation isi terrorist man second picture also caught libya turned also mossad agent remember trump said obama founded al qaeda longer secret osama bin laden leader al qaeda terrorist organization trained cia osama bin laden father george bush partner energy weapon sector also israel dirtiest organ mafia world video american journalist explains israel steal organ palestinian world largest human skin bank also israel israeli employee human skin bank clearly say human skin taken palestinian refugee foreigner israeli second part continue explain danger israeli terrorist organization whole world understand hamas protects whole world radical religious israeli terrorist organization,Negative
hamas filmed everything shared must seen video fake dr,Negative
seen heard thing never forget foreign secretary lord cameron arrived israel morning visiting kibbutz eri people killed hamas sky virgin freeview youtube,Negative
exactly would add apartheid fundamentally system labour control served provide cheap labour force guise separate development case israel time progressive critic looked first economic factor,Negative
year old michael idan joined maccabi tel aviv player field tonight michael sister amalia hid closet hour october watched hamas terrorist murder parent little sister avigail kidnapped taken hostage gaza recently returned home day player stood solidarity michael called immediate release hostage michael hero love,Negative
meet sham leila murdered netanyahou accomplice shame making war crime crime humanity stop trying threaten mr guterres stop gnocide ban apartheid ceasefire ceasefire gaza ceasefire permanently ceasefire palestine,Negative
hamas army sent hell happy hanukkah hell,Negative
shred hamas left intact regenerate attack seen movie repeatedly hamas need eliminated,Negative
gaza holocaust israel ter rist hamas terrorist hamas legal resistance netanya hou criminal war netanya hou biden terrorist war criminal israel fight humanity israel lie people die israel new nazism israel terrorist state,Negative
stop gaza genocide netanya hou criminal war derechos human,Negative
every single day ceasefire help hamas build rocket bomb every single day ceasefire add one day life hamas,Negative
three week idf warning gazans move south initially going hamas north israel evacuated border community hamas coerced forced many civilian stay become martyr shielding position,Negative
second thought referring hamas atrocity murder rape kidnapping reality struck recalled unrwa part problem solution,Negative
apartheid israel dome rock wherein non muslim allowed pray provide proof visited gaza post literally left argument wide open defeated,Negative
dmb fool showing nid card civilian hamas,Negative
hamas dick sucking still banned u lol,Negative
francesca albanese condemned call hamas release innocent jew hold hostage could someone monstrous remain un official op ed whore week,Negative
sure dont really trust news propaganda hamas israeli news another level different lie propaganda idf tendency willy nilly shot civillian,Negative
save gaza israel crime save gaza zionist save gaza save gaza civilian pray gaza gaza genocide netanya hou biden terrorist war criminal israeli lie israel terrorist state israel new nazism stop talking pray gaza permanent ceasefire,Negative
need grow pair like guy voted canada voted support butcher resign hamas isi hamas terror rist,Negative
predicted released hostage everyday day captivity difficult home shelling around sitting tunnel terribly afraid hamas israel would kill u would say hamas killed,Negative
hamas started war supported civilian population gaza complaint israel,Negative
participant called family brag civilian murdered leaked summary meeting hamas ayatollah khamenei iran refusing intervene partially violation islamic law including rape child murder,Negative
denial israel highest point hatred jewish people keep half world awake projecting suffering palestinian onto people care suffering caused hamas blame everything zionist implying jew vicious circle hard break ignorance self confidence pro palestinian mass driven herd instinct,Negative
unrwa shame shame shame shame net drawing terror org video unrwa school used hamas fire idf destruction would believe idf like destroying civilian building,Negative
mc hamas toilet cleaner osama apologist went jail spreading misinformation,Negative
ease human suffering gaza amid israel aggression gaza strip deadliest attack school bureij camp almost killed including child need stopped israeli sater rist state rael terrorist,Negative
white house want pause irrespective hostage deal israel via breitbartnews,Negative
new minute exposing israel video please like repost comment comment people see atrocity lie israel committing,Negative
hamas supporter turn rightful destruction end plausible solution,Negative
gaza holocaust israel ter rist hamas terrorist hamas legal resistance netanya hou criminal war netanya hou biden terrorist war criminal israel fight humanity israel lie people die israel new nazism israel terrorist state,Negative
anyone actually demanding response hamas un resolution,Negative
get definition right genocide claim retaliation cowardly attack israeli people hamas people palestine elected palestine started fight handle believe country right defend,Negative
keep giving israel perfect reason obliterate hamas palestinian terrorist,Negative
apology qualifying salute america thrown singling hamas atrocity oppression apartheid formed,Negative
agree concern feral hamas savage tortured raped young woman confidence body sexuality israeli woman challenge savage way subjugate woman,Negative
u also fund hamas indirectly year funneled unrwa peace come worst either israeli rightwing leftwing palestinian rejectionists know,Negative
hamas put military equipment hamas broke temp ceasefire agree one,Negative
hostage cease fire hamas isi terrorist war crime ever supporting hamas isi one,Negative
utterly shameful moment unwomen refused condemn hamas cnn reason call hamas deputy exec director un woman indeed blah blah investigation blah blah context blah blah alleged violation,Negative
israel hamas war genocide neutral instance implies israel hamas responsible slaughtering happening know israel one blame,Negative
heart gaza hamas leader declares west bank gaza every city worldwide shaping future training suicide bomber target jew want soon reach ceasefire israel way october ceasefire gaza israel however hamas terrorist exploited commit genocide october returning ceasefire may lead u back cycle hamasterrorists hamasisisis,Negative
cover arab world full swing every professional shop owner west bank saying hamas kill civilian per pb story today denying graphic video hamas recorded ignorance racism disgusting,Negative
many hamas half rest died hamas coward scum terrorist hiding behind,Negative
war muslim jew war oppressed savage occupier far finishing hamas concerned israel recruited another thousand hamas member hamas need recruitment,Negative
blow tunnel school ffs even hamas admitted past insert school mosque etc,Negative
dude please stop ignoring inconvenient truth would ceasefire hamas surrendered released hostage yet see condemn terrorist organisation abuse people voted serve,Negative
believe hamas propaganda brainwashed many people becoming terrorist supporter never understood could get weak vulnerable people strap bomb die future suicide bomber marching,Negative
narrow tunnel terrorist hamas filled way,Negative
bit stand palestine head group banned several european country extremist call jihad even acknowledge oct terror attack hamas also homophobe need doctor uk,Negative
trump recognising jerusalem israel capital dec start set scene pissed arab world pulling nuclear deal iran may imposing sanction major backer hamas connection,Negative
imagine apple samsung made phone every year car company produced new car every year much waste could avoided pivot imagine capitalism poisoned mind find antidote,Negative
two soldier died trying recover body sad waste life hamas isi,Negative
demand return hostage hamas likely meaningless theatre,Negative
might disagree israel need get rid netanyahu hamas need release hostage yes started war netanyahu share big part blame damned damned situation,Negative
think something incorrect present proper counterargument following sample response count proper counterargument lying free palestine grotesque ai generated caricature netanyahu eating baby quote tweeting anything jackson hinkle responding something completely unrelated subject original tweet let see many fail simple task,Negative
reason zionist showing video hamas terror behind curtain puppet know publicized quickly debunked scumbags,Negative
people gaza increasingly enough want hamas surrender want hamas leader gaza yahya sinwar issue order stop fighting,Negative
december january israel launch war gaza killing people including many civilian,Negative
hi mark find disturbing fact included group many hamas terrorist legitimate concern explosive fact terrorist embedded amongst civilian ring bell mate,Negative
world stand israel war genocidal hamas terrorist return israeli hostage palestinian terrorist,Negative
lol hamas laid weapon israel would easier time committing genocide land theft nazi demanded thing soviet,Negative
israeli ever go toilet thanks violent buddy hamas,Negative
seeing support palestine palestinian recent time uplifting world finally paying attention racist genocidal zionism,Negative
course mary give hamas tactic white vile piece,Negative
voted favor resolution without condemning action hamas oct despicable human taking action behalf hundred thousand victim war throughout world calling hamas stealing aid,Negative
ceasefire gaza mossad israel gaza israel palestine war palestine hamas militant surrendered front idf,Negative
ceasefire hamas ended tell hamas stop firing rocket daily israel fuel rocket hospital hmmm tell relate hostage immediately oh aid truck going humanitarian corridor stop robbing hamas,Negative
completely hamas fault come,Negative
maybe stop funding hamas,Negative
dy become poor sweet little girl deserve death return cold body trust hamas,Negative
numerous deal decade guess refused offer broke cease fire plo hamas etc cease fire hamas iran puppet slaughtered raped tortured israeli woman child october,Negative
illegal israel take dna test people find eastern europe even arab israel lie fake war crime israel one government let people vote decide call democracy want truth take dna test,Negative
note fbi hamas attacking israel killing people terrorism parent raising voice school board meeting hamas bombing innocent family comparable pissed voter walking capital building,Negative
aoc aocenespanol rashidatlaib reprashida ilhanmn ilhan coribush palestine real call hamas lay weapon return kidnapped identify rapist baby killer participate disgusting attack oct,Negative
egypt try give humanitarian aid palestinian hamas raided threatened shoot anyone came close,Negative
need removed office unelected hamas loving imbecile along vile mouthed wife look u native first,Negative
israeli terrorist treat child v hamas treat child,Negative
time israel stated vast majority hostage civilian link hamas,Negative
blame hamas palestine people enabling,Negative
palestinian recently arrested israeli army gaza stripped nearly naked member hamas according report israeli newspaper yedioth ahronot,Negative
israel arresting woman child sending concentration camp israel worse animal inhumane promise u theee people godly chosen god devil,Negative
forgot mention arab lost like aggressor war israel could legally take like land ask prussia part germany anymore,Negative
trudeau beholden hamas caucus allows pro hamas demonstration illegal terrorist group per canadian law one give crap fact disgusted,Negative
update month invading zim shipping office vancouver frightening employee security guard locked hamas sympathizer harsha walia company office building bc poli van poli,Negative
step claim immense destruction apparently caused high explosive brought hamas terrorist detonated subsequent engagement responding idf force,Negative
israel full rogue terrorist state,Negative
walking around tokyo today old japanese man wearing palestine flag stop genocide gaza handing newspaper article called israel occupation humanitarian law took one asked understood japanese,Negative
dozen people family killed jabalia refugee camp israel persists bombarding besieged gaza strip aje io,Negative
truckloads aid hamas courtesy biden administration demanded israel agree even though everyone know aid instantly commandeered hamas inside gaza biden literally supplying aid terrorist right,Negative
okay think u watching video father operated son without anesthesia watched son dy agony vile world live palestine going indescribable sorry,Negative
casually stoking anti muslim hatred india using israel palestine conflict,Negative
sad many israeli youth killed netanyahu policy beginning agreed exchange prisoner would die shame netanyahou,Negative
put short video together remember thousand child died lie israeli military claiming sink electricity shower proof military base ridiculous please share widely ehud barak israel pm,Negative
free palestine netanya hou criminal war,Negative
fact even two month hamas attack point debate piersmorgan foxnews like platform sickening enough licking easily killed occupied israeli terrorist last two month main topic discussion atleast,Negative
twitter doesnt equal international support average person isnt online activist hamas,Negative
notice r v political civil war fire right back cheer team israel cheer team hamas broke fucking programming,Negative
anymore hostage deal pissing qatari stuck neck hamas,Negative
borat empty abandoned tunnel likely one israel built enough compromise hospital protected status prove used war military purpose still sprawling hamas command control centre,Negative
bring israel safe depraved perverted hamas people,Negative
unacceptable hamas want two state solution reality lot leadership israel either say publicly trying give,Negative
hilarious see woman siding genocidal rapist hamas thank israel destroying hamas supporter infrastructure,Negative
genocidal macron supporting child killing palestine gas oil,Negative
doubt terrorist tough battle israel october coward slaughter october massacre hamas massacre hamas massacre,Negative
legendary senator daughter say college remove name refuse curtail hamas sympathizer read daughter new york senator daniel patrick moynihan democrat titan american politics say city c,Negative
genocide palestinian child israeli army must stop held accountable barbarity,Negative
suppose also holocaust denier hamas filmed thing atrocity,Negative
khama khama al khama hamas paranoid french guy,Negative
support hamas want genocide jew israel genocidal psychopath,Negative
hamas leader west bank gaza every city worldwide shaping future training suicide bomber target jew,Negative
free palestine zionist terrorist netanya hou biden terrorist war criminal,Negative
mass surrender hamas terrorist hamas,Negative
according adl anti semitic incident united state jumped since hamas launched deadly attack israel two month ago seen read countless example hatred happening right country specifically institution higher learning hateful wrong country stand,Negative
hamas stealing aid,Negative
part joint letter hamas end war today share value decent person value place administration territory let alone representing people bombing stop hamas go war,Negative
israel terrorist state,Negative
hamas kill idf men today shujaiyya gaza al qassam warrior destroyed israeli military vehicle anti tank shell including king leader tank infantry carrier soldier attacked israeli baz tank warrior clashed soldier rescue team came help tank killed many additionally fired rpg shell sniper warrior directly confirmed killing idf soldier seizure equipment belonging dead soldier well killing soldier free palestine,Negative
wanted stop killing really believe stop hamas,Negative
yes hamas racist bigot getting,Negative
yup nice way save child life dropping icbm killing hamas total casualty according idf tell military occupation armed checkpoint military court detainment imprisonment torture abuse good child,Negative
exactly saying hamas doesnt care palestinian civilian theyre using target practice stealing aid thats suppose helping fighting better palestine goal kill israeli,Negative
arrest unarmed palestinian men kill palestinian baby child woman line men take photo spread fake news israeli terrorist struggle false news always lose battlefield hamas fighter israel terrorist disgusting,Negative
journalist research read israeli newspaper debunking government claim killed hamas,Negative
demand israel release palestine first terrorist entity called israel one holding hostage,Negative
dead filtered hamas fuck,Negative
absolutely different believe israel right exist river sea slogan date back call destruction israel plo coined term say cal remove jew also hamas used call destruction israel saying might mean origin saying people currently using saying,Negative
child used human shield hamas unless stopped child continue killed,Negative
muslim man confronts israel hamas war need lot conversation learn understand respect perspective hopefully educate ignorant full story rebelne w,Negative
two israeli hostage kidnapped hamas oct found dead named eden zechariah ziv dado body found hidden hamas tunnel recovered idf force gaza recovery effort two idf soldier killed hamas named master sgt re gal meir eisenkot master sgt re eyal meir berkovich source jerusalem post,Negative
watch interview want see pier anti muslim tirade mr condemn hamas let mask slip ugliness hate heart rear head,Negative
harvard hamas best friend legacy defund shut harvard fund terrorist sympathizer terrorist organization,Negative
bitch got nail done war zone,Negative
congressman mike gallagher tiktok propaganda led half american youth adopt morally bankrupt worldview supporting brutal terrorist attack hamas organization innocent israeli civilian alarming tiktok controlled america significant adversary ccp conducting largest scale malign influence operation date high time either ban tiktok least compel sale american company clock ticking united state,Negative
netanya hou biden terrorist war criminal,Negative
israel terrorist state,Negative
next time ask israel bombing school remember answer hamas blame hamas,Negative
rejection oslo failed statement response biden insistence pa take governing gaza right several hamas style group effectively governing major city west bank pa nothing,Negative
farewell child mutaz mansour killed occupation force whilst raided burin village southern nablus,Negative
oct hamas terrorist deliberately barbarically targeted innocent civilian including baby child elderly confronting insightful visit kibbutz kfar aza sderot speak survivor clear nobody live alongside threat like hamas,Negative
free palestine strike gaza julidfiisabilillah u sponsor genocide palestine israel war crime israel genocide israel terrorism save mohamad safa netanya hou bid rn terrorist war criminal,Negative
think killed hostage blame hamas,Negative
cija cijainfo confirmed consulted list country resolution include israel telling hamas listed terrorist entity canada irrefutably guilty war crime israeli palestinian civilian rewarded left unaccountable civilian palestinian population need freedom relief must freedom relief tyranny hamas canada jewish community forget face unprecedented antisemitism emboldened hamas october massacre canadian government chose ignore israel right defend israel obligation defend canada decision support resolution undoubtedly lead hate directed towards jew canada fact government vote come jew celebrating chanukah yet another slap face community story chanukah teach u defeat darkness without canada support cdn poli canadian foreign policy show hypocritical disgusted frankly shocked hour issuing statement preconditioning ceasefire hamas releasing hostage stopping use palestinian human shield laying arm surrendering control gaza canada voted yes un general assembly resolution supporting ceasefire earlier statement canada reaffirmed israel right exist defend condemned hamas heinous act october including sexual violence hour later canada voted yes resolution fails hold hamas accountable war crime fails even condemn war crime fails call hamas lay arm surrender anything change ground short hour canada statement scheduled un vote answer hamas still hold israeli hostage still using palestinian human shield still indiscriminately firing rocket israeli foreign minister melaniejoly,Negative
strange feeling hamas also belief get many surrender released kind hostage deal hamas may wrong may part gamble note also isi beaten baghouz similar level surrender see,Negative
shame also ukraine cowardly abstaining one sided unga resolution calling ceasefire even mention hamas would feel israel abstained resolution calling ceasefire ukraine without mentioning russia fact voted condemn russia unga stood solidarity country exceptionally disappointing zelenskyyua mfaukraine ukrinisrael,Negative
hamas losing go cry somewhere else,Negative
pro hamas march london every day total waste everyone time money israel never surrender hamas wiped face earth quite rightly ceasefire hamas would arm start attacking israel,Negative
kathleen wynne joined cheri dinovo lisa raitt ex politician asking ottawa commit million israeli investigation hamas sexual violence,Negative
regarding hostage deal israel hamas time report hostage likely released thursday earliest allow time israeli judge review potential legal challenge prisoner release according israeli official,Negative
stopping canadian leaving gaza israel hamas important detail seems missing narrative,Negative
captured civilian hostage israel created hamas israel created isi hasbara,Negative
also phd anything know terrorist bad hamas terrorist quite happy brag,Negative
switzerland end neutrality hamas hamas created destroy israel,Negative
person called omar bin abdulaziz al zahrani saudi citizen hold canadian passport currently canada specifically montreal support terrorism extremist houthi group hamas group incites killing innocent people pretext defending palestinian cause always claim communicate hope canadian government take necessary measure activate law anti terrorism justintrudeau spvm csis,Negative
even worse first going claim hamas killed civilian number civilian less,Negative
let end war return peace hamas take responsibility killed many civilian frustrating,Negative
wrong hamas one kill palestinian child,Negative
mr benjamin naletanyahu write bomb dropping hamas bomb shell discriminate hamas child woman,Negative
israel terrorist please know truth say actually terrorist doubt hamas,Negative
must new hamas targeting water avoids hostage,Negative
ceasefire ln gaza stop gaza genocide netanya hou biden terrorist war criminal von der le yen criminal war zionism judaism,Negative
ever forget happened oct wipe hamas hezbollah make planet better place everyone including palestinian enough playing around murderer long live israel,Negative
palestinian got thousand proof iof warcrimes hamas actually worse would easy get least one proof,Negative
sebelum aku masukkan dia ngan anak bini dia dlm oven baik dia diam pikir kitaorang ni bodoh sgt ke obsessed october shit started way back apalah sgt october ko tu mention massacare friendly fire even hamas,Negative
israel murdered another palestinian journalist entire family muhamoud sabbah lost member family jabalia north gaza gaza palestine,Negative
presumably new uk foreign secretary lord cameron israel demanding know ground,Negative
hamas wow worse greater islamic terror attack chilling new threat warning hostage executed unless demand met via pamelageller,Negative
gaza holocaust israel ter rist hamas terrorist hamas legal resistance netanya hou criminal war netanya hou biden terrorist war criminal israel fight humanity israel lie people die israel new nazism israel terrorist state,Negative
hamas turned hostage surrendered war would end israel attacked oct hamas could stop palestinian dying surrender demanded israel stop hamas destroyed driven gaza,Negative
defender israel genocide palestinian complain photo video dead dying palestinian child people flooded internet photo video dead israeli baby mother october hamas massacre,Negative
people gaza send message hamas surrender enough complete stupidity sinwar killed people hamas leader hear voice luxurious villa qatar,Negative
hamas murdering scum anybody march support hamas collaborator mass murder also scum may rest eternal peace hamas terrorist hamas,Negative
hamas leader call genocide jewish people worldwide must attack every jew face planet much jew throat worth sheckles even less god willing people ready blow,Negative
thanks genocide joe thousand palestinian massacred many counting impossible israel plan continue pause genocide john routine genocide apologia,Negative
hamas fanboy mad nazi lost brand,Negative
free palestine netanyahu ter rist netanya hou biden terrorist war criminal,Negative
ben shapiro used point jw every time somebody called white supremacist na z stopped making distinction exploit abuse white israel advantage,Negative
exactly watching un vote today almost one condemned israel everyone state condemned hamas israel aggressor hamas,Negative
shameful today sure asking israel stop killing innocent indiscriminately bombing child woman men war crime absolutely condemn hamas terrorism yet thnk palestinian view bomb falling day night baby black white,Negative
goal must stop death devastation destruction long term simply future hamas want see linda thomas greenfield permanent representative united state un,Negative
pretty woman hamas rape,Negative
important point upd uc recognizing hamas resistance movement refusing call war conflict directly naming genocide recognizing start october recognizing colonized hence sympathize,Negative
get rid hamas right stealth ab go school,Negative
victim london tube bombing bataclan nice truck attack berlin christmas market attack hamas attack israel sure relieved find death actually social construct,Negative
alternative leaving hamas animal hide behind civilian alive oh would want cry tear pathetic outcry help hamas animal erradicated hope israel start kiling worldwide,Negative
war ukraine shock coup ukraine extermination civilian population palestine shocking asks putin,Negative
could israel bomb university al azhar normal university happened tunnel used hamas went school storing explosive device,Negative
hamas still refusing return baby hostage old people many injured hostage could stop prefer world focus outcome instead cause,Negative
realize gay illegal arab country hamas would kill,Negative
hahahahahahahaha useless hamas think tunnel design use pumping water tunnel thats useless idf soldier inside head,Negative
look ugly crude beduin camel pee drinker said liberating jerusalem begin crushing hamas bedouin scum ancient arab holy quran year ago described hypocrite,Negative
everything due islamik jihad result till jihadi e attacking hamas hijbulla huti isi taliban responsible genocide,Negative
said agenda bias concern stopping killing soon possible according k principle mean terrorist organization hamas need surrender nobody stop israel time hard,Negative
yanis varoufakis trying extract people like condemnation hamas never get simple reason apartheid always going procure violence criminal hamas west,Negative
israel terrorist state blinken terrorist netanya hou biden terrorist war criminal,Negative
covid cost plus strike increased pay salary immediately following million every week looking illegal immigrant financial help ukraine war israel palestine conflict contributed financial position moment,Negative
considering kidnapped israeli found held house unwra employee zero doubt another one identified shocking far hamas terror tentacle extend,Negative
said week ago repeat israel want gaza always plan netanyahu contrived manipulated incursion israel hamas could justify retaliating pull gullible u shameful,Negative
capitankaplan gabylob israelinspanish hamas terrorist,Negative
guess hate palestinian admits israeli government fault year hate hamas everyone supporting terrorist truth come saw hamas video hateful ally,Negative
hamas muslim terrorist group hezbollah muslim terrorist group isi muslim terrorist group taliban muslim terrorist group al qaeda muslim terrorist group islamic jihad muslim terrorist group boko haram muslim terrorist group muslim brotherhood muslim terrorist group,Negative
ask hamas release hostage,Negative
least israeli hostage confirmed killed hamas captivity gaza blood much hand red cross icrc abandoning hamas executioner,Negative
want document crime hamas committed israel crept gaza shield child like cowardly filth causing even casualty,Negative
hasanthehun hey fuckface say shit israel take look hamas clown,Negative
correction hamas war israel palestine,Negative
take second watch far beyond massacre gaza israel want destroy people,Negative
australia vote favour unga resolution calling cease fire australia previously abstained previous resolution arguing failed condemn october attack israel hamas,Negative
bringing back since apparently business firing actor controversial comment israel palestine,Negative
come pro hamas crowd going ignore fact seems civilian building ignore target visible love idf post actual footage dead terrorist firefights call fake,Negative
figure come source hamas terrorist,Negative
defend land cause im landlord count right land kill hamas thousand hamas,Negative
harvard hamas supporting hate university lost staggering billion donation president claudine gay plagiariser diversity hire go,Negative
jerusalem brigade reservist alerted intelligence thwarted hamas attack gaza strip encampment air force struck area ground force engaged hamas terrorist emerging tunnel explosion occurred within tunnel clash causing secondary blast israel gaza hamas,Negative
force recovered body israeli hostage eden zakaria staff sergeant major ziv dado gaza strip brought back israel operation idf special force eden taken hostage hamas terrorist nova music festival ziv taken hostage fell serving logistics manager battalion heart broken may memory eden staff sergeant major dado blessing,Negative
one see irony idf giving humanitarian aid gaza hamas steal humanitarian aid un sanction israel bbc sky cnn air destroy hamas yisroel chai,Negative
day since man told sleep well told israel killed member family including child moment pas without remembering word still believe said word,Negative
cool every nation support ceasefire send hostage israel hamas break ceasefire hostage executed somehow doubt nation would trusting hamas citizen life line,Negative
crazy many people losing job wanting israel kill innocent woman child,Negative
calling hamas release hostage calling vicious attack israeli citizen hamas started israel ask monitoring aid delivery,Negative
newly released letter reveals ukrainian activist declaring solidarity palestine leftist ukraine stress imperative build unwavering unity among oppressed people,Negative
question hamas coward use aid money fund live grand hotel cowardly soldier hide behind child like harm send see safe,Negative
furthermore murder implies intent israel hamas collateral murder genocide requires intent destroy people whole part intent israel however hamas guilty,Negative
give damn pagan,Negative
even much reasonable ziona hamas want kill jewish israeli let alone jew world let alone non muslim propaganda accusation hear lot getting grotesque demonizing day,Negative
hamas planning murder jew genocidal israel must stop,Negative
yet majority american back israel democrat split war hamas wsj poll find,Negative
isp said tension still rising war israel hamas warning potential violence,Negative
cease fire seem last long suit hamas oct,Negative
war hamas wear uniform indicate fighter typical irregular army,Negative
hamas failed could rich prosperous state hamas turned bunker launch attack neighbour sad,Negative
netanya hou criminal war,Negative
lol find hamas even though killing idf soldier record number know left,Negative
harvard fired faculty student refused take covid shot openly supporting antisemitism calling genocide fine,Negative
send idf die ceasefire hamas kicking as field idf bombing everyone including hostage hamas,Negative
march israel begin construction west bank barrier wall separate israel palestinian territory,Negative
genocide front eye whole world one voice could come palestine palestinian israel hamas tel aviv gaza gazaunderattack operational aqsa flood operation iron word hezbollah,Negative
oh cry river go live hamas learn history dropped atomic bomb killed way tell hamas release hostage israel stop tough shit war,Negative
last month united immediately responded dansdeals let u know suspended ibrahim r mossallam pay among anti semitic post wrote facebook page horrific hamas attack resistance brave people apparently brave murder baby rape woman kidnap holocaust survivor however ensuing week united declined multiple request comment update pilot employment status even currently flying united aircraft disappointing united would feel safe flying pilot,Negative
mean hamas terrorist plenty footage prof ever wonder hamas kibbutz day drink tea also raped woman,Negative
hamas supporter really severe pain right,Negative
pm albanese call ceasefire gaza end continuous suffering palestinian alarmed diminishing safe space civilian gaza israeli bombardment hamas militant enclave continues u pol,Negative
disgusting question indicative bias israel,Negative
every single hamas participant need die every single isi participant need die every single person support hamas isi taliban need eradicated,Negative
technically offer meat cheese jew knowing kosher yeh kinda antisemitic may ignorant though appear yes need end hamas murderer free palestine hamas,Negative
pro hamas supporter terrorist supporter,Negative
took footage khuza southern gaza east khan yunis august time israel worst assault gaza death destruction witnessed beyond imagination somehow managed survive face genocide,Negative
netanya hou criminal war,Negative
israel talk fighting pause continues bomb palestinian everywhere gaza save gaza israel crime,Negative
time israeli citizen realize israel truly fascist nazi regime war criminal terrorist free palestine israel israelisaterrorist,Negative
purposely interview mission mind smear assassinate give time guy explain without interruption argue afterward know muslim say hamas terrorist,Negative
deserve die colateral opposed executed geneva convention give fuck population density hamas want wage full scale war midst population problem one bad war crime,Negative
feel anger frustration morally abominable hamas attack israel cause begin dismissing important consideration human right protecting civilian making error similar forgetting multiply correctly,Negative
support effort syrian people get rid war criminal bashar al assad bashar member axis terror hezbollah hamas pij houthis number iraqi militia financed armed trained iran,Negative
photographer try comfort palestinian girl talking favourite dessert parent killed moment earlier israel bombed gaza home,Negative
indoctrination center hamas part proof facebook post literally say fuck hamas,Negative
netanya hou criminal war droitsamc droitsenfants,Negative
getting number israel killing civilian randomly trying get hostage back destroy hamas hamas released hostage agreed leave power would,Negative
u tried condemnation hamas resolution part,Negative
queer gaza hamas rape every single one beheading,Negative
compilation testimony israeli hamas hostage admit israel fired people describe horror endured,Negative
west bank hamas israel trying another siege hospital time west bank israel escalating hostility west bank cause regional conflict rate,Negative
f ck un take ceasefire shove sorry world ceasefire happen hamas longer able fire israel,Negative
beth kotierk lawyer resigns nutrition north advisory board israel hamas war clear conscience continue work government support genocide palestinian people,Negative
fascism cup shit force world take eat shit clean country biden trump racism israel blm gaza gazagenocide palestine genocide gazagenocide palestine,Negative
idf soldier nearly killed grenade forced hamas terrorist resign afterlife battle israel fighting coward attempt hide amongst civilian,Negative
israel right protect especially war thrust upon ruthlessly attacked evil hamas,Negative
hamas mercy prisoner bastard,Negative
hamas leader need blood child woman elderly hamas leader exploit blood child woman elderly need provoke anger willingness fight israel nan jacques zilberdik palwatch,Negative
run rabbit run hamas leader leave qatar unknown destination,Negative
maybe honest research find palestinian stand hamas vile terrorist organisation clearly support nasty woman,Negative
isi hamas pretty much group people hell bent causing genocide first removed board first,Negative
palestinian girl muhammad bakri time classic documentary jenin jenin israel attempted ban internationally using ruling maimonides l legal basis jenin palestine israel ethnic cleansing jeningirl israeli terrorism jeninjenin,Negative
destroying hamas callous,Negative
hamas gaza israeli thug continuously many year attacked people west bank let atm put aside fact jew occupier illegally stolen land therefore right area jewish invader please explain,Negative
un overwhelmingly vote humanitarian ceasefire gaza reject u austria amendment condemning hamas,Negative
yes guy condoned hamas action october came statement often case violence begets violence civilian population suffers,Negative
stand israel hamas must defeated,Negative
deadliest year palestinian october yes exterminated hamas carried attack,Negative
un general assembly rejected u amendment proposed resolution gaza amendment included condemnation hamas un assembly accepted proposed resolution calling ceasefire resolution binding force voted favour ten opposed,Negative
shame australia voted yes call hamas release hostage surrender israel stop defending,Negative
hamas started war hamas losing want ceasefire need surrender,Negative
state hamas terrorist address public gathering hindu child face state persecution called god country communist regime successfully turned devil country,Negative
breaking wave hamas terrorist continue lay weapon surrender photo,Negative
israeli military find tunnel bunker al shifa yes built back israeli military ruled gaza finding justify israel barbaric bombing raid hospital israel still presented proof hamas using hospital bunker israel built command control local foreign doctor denied allegation israel rejected offer international delegation inspect instead raided hospital detaining removing journalist one document except military show want world believe,Negative
tragedy hamas condemn hamas release innocent people captivity would happen people like condemn barbarous savage october ignorance spread kid suffer side time stop spreading lie,Negative
hamas would terrible civ,Negative
save gaza child israeli new nazism israel terrorist organization netanya hou biden terrorist war criminal,Negative
blame bb plo bad hamas,Negative
death toll israel genocide gaza reached least including child israel war enclave disrupted communication extent impossible provide accurate date data death toll israeli bombardment gaza kill two mother every hour seven woman every two hour report executive director un woman israeli force arrested director al shifa hospital largest medical complex gaza strip along several senior doctor medical staff spokesperson gaza health ministry ashraf al qudra said israel un bear responsibility arrest medical personnel adding israeli force dealt violently medical staff patient temporary ceasefire widely expected go force thursday delayed night due last minute detail captive would released come israel continued non stop bombing gaza ahead truce thousand people sheltering indonesian hospital gaza city reportedly evacuated israeli army ordered everyone inside get indonesian hospital empty volunteer moved school near european hospital rafah said sarbini abdul murad head indonesian medical emergency rescue committee least palestinian occupied west bank detained overnight deadly israeli attack continue israeli force arrested palestinian west bank since october israeli strike southern lebanon killed five people including son mohammad raad head lah parliamentary wing strike come ahead meeting iranian foreign minister hossein amir abdollahian lah secretary general hassan nasrallah beirut lebanon spanish foreign minister jos manuel albares said spain favor recognizing palestinian state short term stating palestinian state best guarantee peace middle east,Negative
reminder hamas elected ruler gaza hence military action must take account attack another entity impact people gaza israel attacked hamas october hamas responsibility anticipate israel response israel right obligation protect people eliminating hamas declared time time objective annihilate israel israel obligated minimize innocent casualty gaza responsibility towards gaza people greater hamas fact casualty gaza proper reason israel stop campaign warfare work addition hamas well known hiding behind population reason give hamas immunity rather yet another reason eliminate israeli palestinian calling ceasefire end israel effort eliminate hamas absurd take consideration safety israel population also fails consider happen hamas end ceasefire happened time time casualty war tragic also unavoidable one side us population human shield therefore care palestinian israeli call hamas surrender stop interfering israel eliminating murderous death cult brought nothing pain suffering entire region hamas isi stand israel free gaza z hamas,Negative
palestinian simply innocent innately guilty potential terrorist neutralized human shield obliterated collateral damage number palestinian body move western government institution condemn israel,Negative
msnbc joyann reid interview mark regev asking killing woman child achieves goal eradicating hamas whether would idf drop bomb israeli hospital took humiliating pic gazans idf bombing hostage,Negative
biden shorted joe biden congratulating jew hanukkah white house read teleprompter father died year ago survived hamas attack october added year passed since hamas attack theislandernews,Negative
since stood palestine suspended one job received death threat travel restriction suspended social medium censored x people israel people afraid stand israel trying silence going silent,Negative
commented post account banned verified find post read disguised way preventing commenting hope undercover hamas operative within x,Negative
world crazy like horrible movie book fire fury story maui fire released day lahaina fire oh netflix movie white noise predicted east palestine ohio train derailment,Negative
candle lit hanukkah tel aviv remaining hostage held hamas follow u rumble rumble com c rtnews,Negative
hamas committed atrocity massacre civilian idf killed palestinian response warcrimes side jewish ancestor fled lithuania escape kind act solution state meant,Negative
average age palestinian murdered israel past day five year old five year old read,Negative
yall sure cancel people supporting palestine faster cancel white supremacist nazi transphobes abuser,Negative
maybe proxy found like hamas wreak havoc iran,Negative
facundo idf foot without air support armored vehicle think hard facing hamas bit harder bombing kid,Negative
hamas gaza el salvador reason whole world silent thousand m gang member stripped el salvador almost year ago know criminal israel,Negative
hamas israel killed,Negative
sweet good job idf maybe next time think twice invading israel sure road reversed palestinian hamas terrorist would killed jew like october killed baby,Negative
su instagram sti bastardi mi hanno tolto il commento con hashtag netanya hou criminal war,Negative
lol hamas wearing civilian clothing even hiding moron get shot disrobed pow cry sheep farmer arround corner truly comical,Negative
israel slaughtering ten thousand people destroying community herding towards sinai bombing way yet anyone protest horror israel live much mendacity leader,Negative
yet one call surrender hamas return hostage,Negative
basically land dispute gaza israel hit hamas us gaza attack hamas stopped attacking idf would reason go,Negative
diaper force killed palestinian hamas among sure whats point calling diaper force butchering palestine existing,Negative
hamas force idf indiscriminately bomb civilian building hoping might hamas soldier hiding tunnel underneath hamas attacked tel aviv hid hospital israel would never destroy child inside kill terrorist would,Negative
netanyahou destroy sister black community stand stop madness,Negative
surrender always disgraceful impotent hamas israel,Negative
benshapiro stop using twitter join terrorist clown squad israel pick damn gun man coward behind twitter ben,Negative
let forget hamas kidnapped murdered raped october also continues target civilian israel every day putting million risk rocket israel need eradicate hamas,Negative
allah help thousand hamas terrorist killed without single military success lolll,Negative
hamas rat hide,Negative
translation uk must let israel finish job destroying hamas even mean killing gaza civilian otherwise israel never able empty palestine fulfill zionist dream pure jewish state river sea,Negative
leasing inmate closest legal way say slavery,Negative
lol pro hamas protester allowed say kill jew student said trans men allowed compete woman sport expelled harvard,Negative
engler spread disinformation levi say yes hamas need eliminated hamas stop war surrendering submit summary judgement quick execution crime palestinian people jew,Negative
sick woman uk sell medicine hamas gaza,Negative
reason ask forgiveness hamas led ruthless raid israel gaza suffering hamas must thought raped tortured murdered israeli repercussion wrong,Negative
noticed push condemn hamas rhetoric hardest never say word israeli atrocity war crime palestinian civilian especially child,Negative
gaza holocaust israel ter rist hamas terrorist hamas legal resistance netanya hou criminal war netanya hou biden terrorist war criminal israel fight humanity israel lie people die israel new nazism israel terrorist state,Negative
fact netanyahou lose political ground,Negative
harsher pro hamas pro palestine right islamist enemy,Negative
makeshift accommodation flooding due heavy rain damaged sewage system overflowing disease spreading hospital stand full capacity offer treatment people shivering cold carry warm clothes continue calling ceasefire,Negative
breaking israel arrested director al shifa hospital,Negative
israeli defense force begun pump seawater hamas vast complex tunnel gaza hamas terrorist run hide forever,Negative
iran gambling ceasefire keep hamas defeat analysis iran may overplayed previous coverage accusing israel various crime setting hope larger movement un iran ceasefire united nation,Negative
netanya hou biden terrorist war criminal free palestine,Negative
body eden zakaria ziv dado two hostage executed hamas brought back israel burial,Negative
give shit going hamas broken peace october,Negative
turn reason israeli occupation force successful destroying humanitarian group medical facility palestine handing bunch bomb biden gave precise location target,Negative
gaza holocaust israel ter rist hamas terrorist hamas legal resistance netanya hou criminal war netanya hou biden terrorist war criminal israel fight humanity israel lie people die israel new nazism israel terrorist state,Negative
vain govt precedent set use ema real violence real incendiary blockade free palestine rally need remember,Negative
hamas eliminate blaming hamas killing woman captured complaining rape fact hamas far stronger israel term one one fight,Negative
israel hamas war pier morgan douglas murray v pro hamas muslim hamas attack,Negative
actually world israel one hamas genocidal terrorist organization elected supported gazans thank israel wiping gaza gazans hamas brought upon child sickening,Negative
unfortunately hamas killed,Negative
damn hamas release hostage surrender happen right,Negative
oh wow scary way hamas enter country probably make top priority secure fighting foreign war,Negative
update u president joe biden particularly blunt remark warned prime minister benjamin netanyahu tuesday israel risked losing global support war hamas country indiscriminate bombing gaza u afp com,Negative
hamas started war supported civilian population gaza complaint israel,Negative
slaughtering raping civilian aside hamas theocratic viciously anti gay one side ever taken seriously topic supposed pinkwashing,Negative
netanya hou biden terrorist war criminal,Negative
winning war would surrender hamas surrender release hostage,Negative
recap biden go waukesha black supremacist mowed white parade goer car go nashville trans person assassinated people go east palestine toxic train crashed destroyed living condition citizen made maui vacation stop still greatest national manmade disaster american history southern border manage make ukraine even though supposed war zone tell asshole even remotely presidential,Negative
better usa help much perhaps dead would hundred thounsands less netanya hou biden terrorist war criminal gaza genocide,Negative
following fuck antifa black life matter racism kkk looting asshole groomers pedophile hamas ukraine fiery mostly peaceful protest specifically one support yep fuck take virtual signal nice day,Negative
video show suffering displaced people light rain falling gaza strip gaza gazageniocide israel hamas palestine ceasefire ceasefire gaza,Negative
one hamas broke talk stop cry,Negative
israel must defeat hamas attack confused israel keep attacking launching countless war gaza occupying laying siege majority casualty always woman child israeli occupation must dismantled,Negative
old man telling interesting thing gaza land walk soil ruble dust purer heart human anyone thought gaza weak certainly disappointed gaza israel terrorist palestine israel terrorism,Negative
humzayousaf hamas turkey recognised hamas terrorist organisation l billion dollar terrorist organisation,Negative
citizen gaza elected hamas leader lived anywhere people took power headed anywhere else israel lose enemy succeed israel would wiped state worse goal would play nice,Negative
member political bureau ansar allah movement muhammad al bukhaiti purpose sending israeli warship purely medium arresting ship belonging israel expansion conflict israel hamas painful pressure card country participate international force water red sea,Negative
make skynews israel releasing palestinian prisoner return hostage mean israel think life palestinian valued less israeli israeli government spokesman eylonalevy face priceless,Negative
israel bombed historic church saint george town yaroun south lebanon israel systematically drop bomb church hospital school un shelter gaza syria lebanon civilized western world even bat eyelash,Negative
ceasefire ceasefire ceasefire gaza free pala est boyko tzara zionist terrorist zionist evil biden terrorist biden war criminal netanya hou biden terrorist war criminal zionist pagan gang need stopped people exploding rage,Negative
mass grave khan younis cemetery gaza palestine,Negative
lmfao yep many college tax dollar go hamas club preach terrorism violent revolution genocide want rebuild gaza,Negative
hamas pr troll twitter spam reply section lot must irl twitter space,Negative
bigot know literally every one hate hamas moral capital thousand child israel slaughtering deserve worst,Negative
hundred additional hamas terrorist surrendered captured israeli force last hour gaza strip many soon transported prisoner war camp prison within israel,Negative
interesting ignore started afraid admit hamas bad guy knowingly put palestinian harm way ir could built gaza infrastructure care bank balance,Negative
hamas yes would people planned carried supported october post plea hamas leniency victim october numerous victim terrorist attack,Negative
tell hamas ceasefire fuck un,Negative
professor peace conflict research palestinian quit supporting terror return hostage hand hamas simple hard figure,Negative
issue palestine inbox published since oct oslo process failed moral equivalency israel hamas lead gaza teach israeli military failure rate eradicating palestinian violence forgotten palestinian hostage held israeli concentration camp brief history israel expulsion policy israeli support genocide brief history israel war gaza also subscribe palestinenexus com,Negative
gutierrez want ceasefire without mentioning release hostage hamas continue killing hostage peace,Negative
fbi warns threat violence heightened holiday season self realization higher consciousness inner transformation video fbi warned israel hamas war could heighten risk lone actor violence targeting large public dlvr,Negative
genocide finishing war could stop hamas would surrender free hostage meet idf battlefield like men instead hiding among civilian like coward genocide hamas surrender would matter u want genocide,Negative
say genuinely mean condescending bit weird treated new phenomenon status quo palestine decade field many palestinian even say palestinian fear repercussion,Negative
anybody think war massacre hamas gaza absolute fool many understanding oct happened generation palestinian dealing u pol,Negative
capitalism fucking suck hypothetically get hit car walk afford miss day work hypothetically,Negative
hamas announces killing israeli soldier battle fighter shujaiya axis,Negative
israel must bombed hamas question blood thirsty idf wrong,Negative
point view arab zero accountability zero responsibility israel sole player horrible conflict though hamas come town home murder abduct baby hide among civilian exactly conflict still going,Negative
say want rescue billion hostage red hamas want pull information wall red hamas world,Negative
palestinian dead civilian die war fault lie aggressor hamas especially since maximize civilian casualty,Negative
keep shooting hamas fucked dont fall ed husic bullshit,Negative
strong hamas isreal hamas fight superpower without support surprisingly isreal need support others shameful israel,Negative
read whole paragraph agrees position even building hamas headquarters civilian area village airborne munition illegal regardless,Negative
supporting baby rapist murderer click disgusting hamas turd,Negative
true idf died fighting hamas badly wounded even israeli medium saying cover newsnight,Negative
iran hamas israel russia got war wanted putin fingerprint,Negative
recent week many american shocked witness amount control israel lobby wields u government u democracy far powerful country earth usually overlooked lobby exercise even control many muslim government democracy far weaker u lobby exerts influence largely u government stranglehold word political life muslim world often understood follows israel lobby control u government control many muslim government think american fed israel lobby controlling politician imagine muslim feel,Negative
operation paperclip musk smuggles hamas tunnel digger mexico work boring cartel,Negative
netanyahu zionist idf people responsible conflict palestine terrorising kill child medic reporter steal home land putting million people hope decent life world largest constration perhaps happen,Negative
put blame belongs hamas attacked innocent people called international jihad palestinian chant river sea call genocide pro palestinian supporter harass jew campus threatening essentially w school blessing,Negative
refaat murdered precisely fighting back english language reporting effort keep art culture alive gaza call war hamas israel made clear intention destroy every facet palestinian life,Negative
oh wow even better rape resistance neither torture kidnapping mutilation murder civilian hamas hero murderer ruining palestinian future history stained w blood pot meet kettle,Negative
zionist doom hamas killing like chicken,Negative
fooled bidens concern civilian gaza give toss many civilian slaughtered long netanyahu win war palestinian together neck netanya hou biden terrorist war criminal,Negative
hamas welcome un vote urge international community pressure israel abide decision izzat el reshiq senior hamas official said palestinian group israel stop aggression genocide ethnic cleansing people,Negative
hezbollah lebanese terrorist party iranian supported terrorist organization lost dozen force various confrontation israel southern lebanon recent week worth noting hezbollah lost approximately quarter force syria free syrian army sent hell past year hezbollah like russian wagner group force resemble everything support,Negative
hamas started mess,Negative
israel using every last moment continue genocide people gaza,Negative
ask hamas speak remain hostage terrorist,Negative
hamas leader leave qatar unknown destination running scared qatar kick,Negative
hamas leader leave qatar unknown destination report,Negative
dallas cowboy blackout gaza genocide netanya hou watch,Negative
blinken criticizes condemned sexual violence committed hamas,Negative
legislate new law deal severity crime israel death penalty must option criminal,Negative
even need investigate war crime genocide explicit netanya hou criminal war,Negative
hamas openly state goal ethnic cleansing genocide source know getting point,Negative
netanya hou war criminal time justice intlcrimcourt,Negative
hamas named israel provide justification israeli war machine continue roulette wheel death ambassador munir akram emergency special meeting united nation general assembly,Negative
netanya hou criminal war israeli terrorist state,Negative
retribution taking place right last hamas evil murderer,Negative
many pro palestinian ppl exposed destroying hostage poster yet still persist rocket fuelled hate bear sight israeli victim hamas even risk livelihood reputation insanity,Negative
dont u job u doctor mean ur obsessed lying hamas ur pretty boastful dying child ur vile dangerous person zionts must held accountable war crime crime humanity hamas mean joyful,Negative
israel ambassador un year hamas teach train child gaza murder many report unicef write child born culture hatred educated terror un silent,Negative
know changed october jewish blood longer cheap stand idle rape woman butcher baby hunted killed every single hamas member die,Negative
hamas cowardly grandma kid killer turn also world worst fighting force muslim embarrassed yet,Negative
zionist conflating israel judaism one subtle dirty move made far,Negative
literally said freedom legitimize terrorist group palestinian support hamas find another group support similar policy armed terrorist network,Negative
according internal email canadian broadcaster ctv directed journalist use word palestine cultivated culture fear suppressing critical coverage israel genocidal war gaza gaza genocide,Negative
think lot indigenous history history mainstream show lot trait hamas fn battled territory victor,Negative
show public caught hamas even fuckin hamas hollywood bullshit wonder jew targeted brought joe biden benjamin netanyahu america stand wtf man wrong world people see,Negative
israel always believed dispossess kill palestinian impunity hamas played hand heinous attack,Negative
going leave fact idf firefights hamas unrwa location never mind fact hamas tunnel network going unrwa building going leave fact unrwa documented gaza supporting hamas hiding hostage denying food,Negative
finally know hamas anymore since killing everyone,Negative
qu novedad sion mogen cida netanya hou biden terrorist war criminal israel,Negative
fascinating quickly folk including liberal resort innate anti muslim bigotry islamophobia casually racist go muslim hamas isi violent extremist savage jihadist etc within tweet ghost demon still haunt u,Negative
joe biden year since hamas attack,Negative
gaza holocaust israel ter rist hamas terrorist hamas legal resistance netanya hou criminal war netanya hou biden terrorist war criminal israel fight humanity israel lie people die israel new nazism israel terrorist state,Negative
ask hamas everyone see terrorist keep humanrights check army called moral led democratic government need uphold humanrights commit warcrimes someone internet,Negative
mean terror org breathed life bibi reign committing mass atrocity israel election gaza stuck hamas enough pressure remove odd exercised,Negative
blame hamas today cartoon animalreason cartoon hamas gaza israel palestine,Negative
nst world u president joe biden warned israel risked losing global support war hamas indiscriminate bombing gaza hamas israel united nation ceasefire,Negative
hamas put jeopardy get thick jew hating skull,Negative
fine let hamas feed gazans let gazans kill hamas feeding fair fair,Negative
hamas murder innocent civilian,Negative
wonder hamas upset israel think someone something palestine make angry something,Negative
israel found dead body year old israeli woman eden zacharia deep enclave tunnel gaza near home ahmed ghandour former commander hamas northern gaza brigade recently killed idf eden taken hostage palestinian terrorist october nova music festival shot upper body kidnapped seriously injury eden love may memory blessing zacharia mother orin ganz zach wrote facebook operation recover body gaza two israeli soldier killed wounded israeli hostage remain gaza presumed dead based intelligence collected idf,Negative
intel expert falsely discredited hunter biden laptop call extend warrantless spying american,Negative
discussed widely u discussed racist understand hamas racism hamas preparedness exact attack year making calculation ksa treaty cutting pal,Negative
really want see dead baby genuinely want countless vids pic flooding internet atrocity hamas committed oct request literally show care evidence care narrative,Negative
let clear thing civilian men hamas operative ordered kill going tell story least get fact straight hamas isls hamas massacre stand israel amy israel chai,Negative
zionist even destroying palestinian street,Negative
mental gymnastics wrong hamas wrong kill civilian israel wrong killing civilian,Negative
attacking hamas ammunition warehouse launch position,Negative
let agree must enraged oct attack agree must enraged killing sport palestinian age israeli military settler w military protection raping palestinian military prison guard hamas free west bank,Negative
punishing palestinian crime hamas collective punishment another breach geneva convention look supporting two war crime one day,Negative
reminder hamas terrorist,Negative
accountability southern border going happen entire cast crew hamas could stroll border never know something go boom back day genius cia thought would splendid idea procure visa omar abdel rahman aka blind sheik minion famously conspired bomb world trade center new york truck bombing would take place killing six wounding people abdel rahman arrested month later found directly involved plotting thwarted day terror new york terrorist would simultaneously bomb united nation building lincoln holland tunnel george washington bridge fbi headquarters abdel rahman also found plotted kill egyptian president hosni mubarak visit united state well jewish new york state legislator jewish new york state supreme court justice year sentenced life prison al qaeda publicly released fatwa penned urging muslim tear american jew christian piece course ongoing back fatwa went direct destroy economy burn corporation destroy business sink ship bring airplane kill sea land air would soon follow along countless attack stellar guy dave think one jihadi minute fabulous government going embrace auditing accountability shitshow border hell definitely field grow fks barren,Negative
israel new nazi information got serve others nothing palestine still u new nazi zionist devil,Negative
worst nightmare israhel diaper force hamas exist indonesian netizen,Negative
last intifada hamas many suicide bombing targeted innocent people bus stop,Negative
tomorrow israel problem would solved killing well said man liberal supporting hamas terrorist must listen india stand israel israelfightsterror gaza war liberalism mental disorder,Negative
antisemite look like look like martin griffith unreliefchief saying cnn situation gaza worst ever seen million people murdered cambodia half million rwanda half million syria,Negative
whats excuse israel killed citizen oct hamas,Negative
sickening detail hamas abuse young israeli hostage continue emerge one girl given ketamine week unbelievable child bring home hamasisisis,Negative
fuck every actor freely supporting genocide fuck every franchise firing actor supporting palestine standing thousand innocent civillians killed,Negative
clear raped inmate,Negative
evil hamas supporter comically unprepared called evil word pile,Negative
always condemn hamas condemn hamas condemn hamas condemn hamas ever condemn israel fucking year killing u bc fucking brown matter less attacked egypt jordan lebanon one fucking month condemn,Negative
netanya hou biden terrorist war criminal boycott zara stand palestine,Negative
hey stealth israel done anything wrong right hamas bad israel good say proof see yet saying propaganda proof narrative even provided proof,Negative
israeli soldier taking photo teenager jut killed west bank israel kill child imprisons filthy bastard falsifying truth drelidavid,Negative
real question yairnetanyahu spends time sharing story instagram came back vacation miami instead serving army instagram account help destroy hamas netanya hou criminal war israel terrorist,Negative
hope full time student hamburgas new name dead hamas fighter,Negative
victory coming free palestine form zion free gaza jewish terrorist blinken war criminal netanya hou biden terrorist war criminal joe biden criminal war,Negative
educated someone pls tell hamas attacked music festival broke ceasefire october,Negative
austria shameful unga lack political name hamas others one responsible taking innocent civilian hostage demanding immediate unconditional release gaza unga unable call spade spade austria voted resolution un general assembly germany current draft resolution call general ceasefire fails mention israel forced defend hamas barbarically attacked israel october hamas want continue destroying israel draft resolution least implicitly call question israel right defend hamas terror agree draft hamas lay arm israel longer forced defend,Negative
time separate great nation racist terrorist pervert legally invade america gop un overwhelmingly vote humanitarian ceasefire gaza reject u austria amendment condemning hamas,Negative
breaking israeli army started pumping sea water another hamas terror tunnel system gaza flush terrorist wanted river sea sea flowing river,Negative
something clue paranoid much time think u paranoid lol hamas made muslim look bad help sceptical worried never paranoid islam australian jew,Negative
idf sex maniac israel always accused hamas open eye see truth palestine gaza free palestin israel ter rist israel attack israel israelapartheidstate gazagenocide gazagenocide gazaholoucast israelisaterroriststate israelilies,Negative
hamas want govern anymore done want see happen z palestinian authority discredited dissolve israel govern gaza strip islamist govern iraq syria lebanon gaza failed state,Negative
today davidcameron hosted arab islamic committee london discus cooperation crisis israel gaza working together secure release hostage increase amount aid gaza reach long term political solution crisis,Negative
clearly denounces hamas primarily demanding evidence refusing take propaganda face value antisemitism rename stop scrutiny,Negative
idea stop war israel palestine pressure israel ensure commits creation palestinian state economic diplomatic lever must used order ban dissolution hamas palestine israel palestine war israel palestine conflict,Negative
russia attacking israel hawk missile fake news particularly tragic could try smallest bit harder garbage sort way,Negative
un voted favour ceasefire tonight israeli ambassador held name contact information hamas telling delegate phone tell put weapon free hostage bring complete ceasefire last forever,Negative
netanya hou biden terrorist war criminal,Negative
pahlavireza exiled crown prince iran speaks israel war hamas iran role regional instability,Negative
hamas leader leave qatar unknown destination report,Negative
saint netanya hou criminal war satan pawn word smfh israhell done show world soulless course sane real jew want gaza genocide ethnic cleansing palestine stop,Negative
israeli loss announced resistance today soldier wounded dead vehicle damaged destroyed tank damaged destroyed troop carrier damaged destroyed gaza genocide gaza israel kassam tu gay lari sonda kika breaking e buu de hamas,Negative
hamas disgrace israeli responded continue call blood absolute disgrace show jewish people care,Negative
another innocent girl killed israel medium tell israel targeting hamas,Negative
terrorist state srael,Negative
call hamas release hostage oct barbaric attack group responsible sexual violence using palestinian civilian human shield,Negative
wonder burned headless baby mannequin symbolize butchery hamas committed october pure evil,Negative
anti zionism people whose capacity joy destroyed indestructible long live free palestine without jew strike gaza free palestine zionist israeli sater rist organisation netanya hou biden terrorist war criminal,Negative
cease fire hamas stop hiding behind palestinian people release hostage lay weapon surrender allows new government represent palestinian people deserve better representation,Negative
hamas run gaza strip terror operation estimated annual budget billion money come,Negative
genocide joe netanya hou criminal war,Negative
quit obsessing october whatever happened one day excuse commit genocide palestinian people lie action hamas dwell lie want follow evil u least admit,Negative
finally realizing harm hamas done religion,Negative
single hair israeli disturbed hamas justifies unlimited slaughter palestinian impunity nature unrestrained power unbridled arrogance,Negative
israeli terrorist treat child v hamas treat child,Negative
could tomorrow secblinken question demand ceasefire never demand hamas surrender surrender disarm return hostage credit abcnews,Negative
mean expel hamas palestine,Negative
nazi apologia holocaust trivialization service satiating anti palestinian genocidal mania core part zionist ideology totally normalized israeli society saying unison hamas worse nazi bari weiss said,Negative
think found enjoy thanksgiving tomorrow stupid family take edible cant wait,Negative
demand hamas release hostage surrender,Negative
hamas launched brutal unprovoked attack israel hid civilian area get rid hamas,Negative
regrettably remaining tunnel likely radical hamas terrorist emboldened fight hundred surrendered seen example less committed perverse ideology,Negative
two liberal weigh pm ceasefire aboutface make hard partisan dismiss view cessation hostility requires hamas release hostage lay arm surrender hamas terrorist organization entirely responsible starting war disagree vote un today anthony housefather liberal mp former liberal mp chair house common foreign affair committee appalled see canada policy shift united nation general assembly today micahel levitt former liberal mp chair house common foreign affair committee,Negative
gaza holocaust israel ter rist hamas terrorist hamas legal resistance netanya hou criminal war netanya hou biden terrorist war criminal israel fight humanity israel lie people die israel new nazism israel terrorist state,Negative
hamas fault,Negative
ceasefire hamas allowed stay power next time feel ready probably year another atrocity start another war situation unacceptable hamas care palestinian,Negative
breaking idf recovered body eden zecharia ziv dado taken hostage hamas october body transported back israel gaza,Negative
check reply hamas sympathizer peddling hamas propaganda boy disappointing,Negative
purpose would ceasefire serve hamas wiped killing begin,Negative
nothing horrific child hurt know hamas put kept responsible israel warned advance leave nation war would terrorist hide behind eradicated blame hamas,Negative
year back hamas leader yahya sinwar named hero iran assad hezbollah iraqi shiite militia combined murdered million innocent arab displaced million destroyed arab country way much reverb btw,Negative
israel immediately broke ceasefire,Negative
strike gaza stop genocide gaza netanya hou biden terrorist war criminal,Negative
hamas broke recent ceasefire hear ranting hamas surrender release hostage,Negative
proof gaza kill civilian baby,Negative
completely ridiculous censure israel compared nation including syria iran turkey china russia etc un owned run muslim state become clear priority focus iran chair human right committee really,Negative
upon reading wikipedia article issue concede hamas accused breaking ceasefire however claim israel broke ceasefire backed al jazeera specifically idf opened fire palestinian returning gaza,Negative
governing body started war committing mass scale atrocity place would standing hamas killed raped kidnapped israeli sorry reap sow know since grad way history work,Negative
sustainable ceasefire israel surrendering hamas canadian street full hamas terrorist supporter costing trudeau vote,Negative
hamas tough couple day,Negative
gil still campaigning release cousin carmel third month hostage hamas,Negative
poor palestine people screw,Negative
think israel killed killed far support hamas israel must leave palestine return land owner matter happens israeli deserve one support occupation rape,Negative
okay think two scenario would happen israel laid arm would happen hamas laid arm think hard imagine israel laid arm biggest genocide happen since holocaust,Negative
ceasefire ln gaza netanya hou biden terrorist war criminal von der le yen criminal war stop gaza genocide,Negative
clear susan sarandon fired showing support palestine fired saying good jew scared violence taste feel like muslim america rank antisemitism,Negative
pro palestine crowd today usually loud social medium terrorist attack today u canada border none big account pushing hamas anything say interesting truly sickening behavior,Negative
statement psychoanalytic activist bipocanalysis collective statement toward liberation palestine,Neutral
check different erik karlsson card lot senator ebay via ebay israel gaza hamas asian game steve cohen klaus schwab tel aviv nebraska palestinian kansa state otev lido smackdown isle hockey nhl mlb nfl nba,Neutral
oh lord uhm gim moment,Neutral
changed calendar guy,Neutral
people marching palestine green progressive need lead people,Neutral
list palestinian village depopulated razed ground renamed around gaza strip column screenshots includes israel village built p check case huj even wikipedia enough,Neutral
martin luther king jr,Neutral
guy love israel collect dead sperm,Neutral
israel israeli,Neutral
stand palestine scotland,Neutral
look hamas oh wait israel,Neutral
resharing tmaki palestine instagram,Neutral
look talking,Neutral
woman global day action palestine november army aqsa palestine gaza gazagenocide follow campaign central medium office hizb ut tahrir facebook woman section cmo ht twitter womenforkhilafa instagram,Neutral
hebrew source moment israeli occupation force bombing residential building gaza yesterday,Neutral
ur og fly dictator uk,Neutral
resilient people ever seen mashallah,Neutral
single,Neutral
saw coming israel going doctor,Neutral
israel given clearance mossad target hamas chief wherever,Neutral
israel demolishes home people including minor south hebron nov,Neutral
palestine homeland since beginning time,Neutral
honesty gaza need levelled population expelled expect israel share border state whose sole purpose destroy gone time ended,Neutral
may sound like stupid question genuine one possible people live israel support genocide palestinian relocate seems like dual citizenship would relatively easy leave,Neutral
fact israel holding million palestinian captive palestinian incarcerated different concentration camp past year one generation,Neutral
would russia allowed israel,Neutral
israel owns congress owns think anything going happen guy,Neutral
bring home,Neutral
one addressing likeeee,Neutral
italy stand palestine,Neutral
hear heavy bombing gaza,Neutral
return gaza,Neutral
israel demolished entire palestinian community jordan valley,Neutral
stand palestine,Neutral
israel assassinates two almayadeennews journalist lebanon west say nothing watch rumble com israel sh,Neutral
luke akehurst paid member israel lobby,Neutral
israel existed year islam continue thrive thousand,Neutral
israel demolishes school masafer yatta part effort drive palestinian area,Neutral
liberal west cheer destruction israel ground want hamas gone,Neutral
malaysia stand palestine,Neutral
israel long history going extraordinary length get people back biden leaf behind unless score political point,Neutral
fact perspn stuart seldowitz deputy director senior political officer u state department office israel palestinian affair say everything need know u u policy towards israel muslim world,Neutral
check different mathew barzal card lot rc islander ebay via ebay israel gaza hamas asian game steve cohen klaus schwab tel aviv nebraska palestinian kansa state otev lido smackdown isle hockey nhl mlb nfl nba ny new york,Neutral
morocco stand palestine stand hamas,Neutral
check patrice bergeron different card lot bruin captain gu ebay via ebay israel gaza hamas asian game steve cohen klaus schwab tel aviv nebraska palestinian kansa state otev lido smackdown isle hockey nhl mlb nfl nba boston,Neutral
stand palestine,Neutral
new analysis uk u medium dehumanise palestinian claire lauterbach nshabibi author examine headline front page five major news medium showing cover israel way reflecting government priority,Neutral
former israeli prime minister ehud barak said live tv israel built bunker al shifa hospital everyone must remember tell next couple week found khama bunker hospital,Neutral
,Neutral
wondering scientology position palestine found scientology hq israel originally renowned palestinian theater got seized,Neutral
scene coughing blood,Neutral
something one talking tunnel saw yesterday qatari branch shifa hospital gaza city opened march refuting claim tunnel could built israel,Neutral
reminder everyone invoking settler colonialism describe founding israel jew fleeing progroms holocaust actually british empire show looking spice slave bc nowhere else live bc happened,Neutral
life israel partying june fighting survival,Neutral
bombardment shorten life zionist regime even imam khamenei nov israel,Neutral
rachel one lucy gray,Neutral
tomorrow new episode duh,Neutral
gaza israel carpet bombing gaza day area km long km wide,Neutral
artist time let world know strength heart paint draw write sing stead make world know outrage sorrow empathy pain qrt art support palestine,Neutral
wikipedia page al shifa hospital edited remove fact tunnel built hospital israel,Neutral
watch listen israel always done israel exists expense palestinian,Neutral
abby martin describes visiting palestine educate standing anyone blindly verify position,Neutral
overstimulation,Neutral
going last day israel hold long,Neutral
ash brawl star brawl starsart ash brawl star ash trash art,Neutral
yall expect zionist advocate palestine harry speak,Neutral
massacre done israel child kiiled israel,Neutral
check different wayne gretzky card lot oiler king hof ebay via ebay israel gaza hamas asian game steve cohen klaus schwab tel aviv nebraska palestinian kansa state otev lido smackdown isle hockey nhl mlb nfl nba,Neutral
israel apartheid state fact,Neutral
jesus referred palestine isreal,Neutral
mean nothing u small account,Neutral
madrid stand palestine world waking,Neutral
israeli military spokesman peter lerner london borough harrow confirms israel continue bonbing gaza even captive released,Neutral
tbis jmportant,Neutral
check lleyton hewitt netpro g sgc gem mint tennis card ebay via ebay israel gaza hamas asian game steve cohen klaus schwab tel aviv nebraska palestinian kansa state otev lido smackdown isle hockey nhl mlb nfl nba qatar jerusalem,Neutral
jfk real footage frame driver driver hired israel,Neutral
first question left speechless second,Neutral
former israeli prime minister reveals israel helped construct structure al shifah hospital yet know hamas command control centre either way permit hospital become target,Neutral
mischief ghamdiyat gaza attack palestine free palast e search truth,Neutral
hired network bumper something,Neutral
case peel commission offered pre israel wb gaza ditto b,Neutral
israel demolishes family home agricultural structure south hebron hill,Neutral
unknown cesna uc jordan israel israelpalestinewar palestine,Neutral
palestine thing year ago,Neutral
used israel derangement syndrome yesterday describe kimiversenshow official new term describe cognitive dissonance brain exploded,Neutral
make simple difference stand israel hamas isi next real image,Neutral
israeli bombing gaza insanely tonight expected day truce start,Neutral
speaking palestine,Neutral
judea semetic hebrew speaking jew ethnicity king jew jew ethnic group judea hence name judea israel called palestine hellenistic roman romanize conquered part arabian peninsula,Neutral
palestine pakistan,Neutral
marrying cop,Neutral
hamas palestine,Neutral
israel real country,Neutral
check fred frankhouse playball sgc nm bee graded higher ebay via ebay israel gaza hamas asian game steve cohen klaus schwab tel aviv nebraska palestinian kansa state otev lido smackdown isle hockey nhl mlb nfl nba,Neutral
archeologist uncovered relic ancient khazaria contain six pointed star identical star david make sense considering current inhabitant modern day israel descend khazars tie biblical israelite,Neutral
heard pregnant woman never seen even though israel supposed surveillance everywhere,Neutral
cdc published medical study october furthermore detected phosphorylated tau marker neurodegenerative disease indicating potential link sars cov associated small vessel disease neurodegeneration,Neutral
slamming ball curling iron,Neutral
far right politician immediately pledge fealty israel,Neutral
statement government israel youtube,Neutral
hezbollah officially announced five member including son shura member head hezbollah parliamentary coalition abbas mp mohammad raad martyred way al quds expect particular escalation israel,Neutral
israel rush demolish home leaving people including minor homeless south hebron hill december,Neutral
calling israel singular ally u quite different calling israel single ally consulting dictionary would answer question,Neutral
intestine small part digestive system,Neutral
watched ajex parade sunday afternoon taking part watching looked acted differently others taken part watched cenotaph parade took part hamas palestine march,Neutral
israel ca demolishes two home fasayil al wusta jordan valley december,Neutral
recognize israel debate israeli georgegalloway,Neutral
palestine allows u see line bifurcates binary e g trusted untrusted much underscore collapse dichotomy e g democrat republican fact claim liminal space palestine exists continues defy distinction,Neutral
gave jihadi pal palestine,Neutral
israel use civilian human shield thread palestine gaza westbank,Neutral
never country called israel either,Neutral
sadly nothing help stop genocide gaza thing brave people stop armement going isral killing child honorable freepalestine stop ga,Neutral
yemeni armed force spox yahya sarae announced launching batch cruise missile several military target israeli entity umm al rashrash eilat south occupied palestine,Neutral
season,Neutral
pier morgan x andrew tate discus palestine israel,Neutral
shalom itai shalom israel eu apoio israel stand israel,Neutral
bfr dish least century older israel,Neutral
second time zionist beef wednesday,Neutral
within year eliminate video israel public broadcaster child singing gaza caused backlash online including among many israeli,Neutral
tub bo year old one island listens phil,Neutral
jerusalem judea samaria israel homeland palestinian people kingdom jordan jordan palestine,Neutral
byzantine wall christian trapezoynta invaded occupied islam massacred sent exile child remain christian denial since flatten gaza immediatelly israel,Neutral
sprout brawl star brawl starsart,Neutral
israel first already talking sending billion ukraine,Neutral
give job,Neutral
mri today tell see hamas also petition ceasefire israel already broken agreement make happen probably,Neutral
presumed everyone knew tunnel al shifa hospital built israel apparently,Neutral
israel bombed many bakery woman gaza started building traditional clay oven people adapt,Neutral
classic cognitive dissonance palestinian forcibly removed palestine jew occupied country list,Neutral
palestine send money israel rocket form,Neutral
israel home jewish people,Neutral
feel intensity power video,Neutral
shush went,Neutral
obama israel received u military aid ever billion ten year starting,Neutral
ummm ask stance israel,Neutral
former israeli pm ehud barak israel built bunker al shifa hospital,Neutral
sorted,Neutral
including hundred mound rubble palestinian home israel resemble,Neutral
kaveh gen shin impact,Neutral
person palestine relative friend killed imprisoned live occupation life triumph someone nothing lose,Neutral
israel practice right defend,Neutral
palestine country world name letter exist alphabet p arabic name palestine come philistine roman province judea palestina nothing today palestinian,Neutral
israel gunning unarmed civilian forever,Neutral
di k head barking dog haramzaday suur ki olad fkkk nnng father israel humanitarian work,Neutral
commission thattechcoyote,Neutral
world take action israel,Neutral
akehurst british traitor along starmer serf interest israel interest britain british people arrested tried treason along anyone else serf foreign power,Neutral
haaretz two home hit missile israel northern kibbutz manara say local council head,Neutral
river one one side isreal sea palestine would take would isreal therefore israel would longer exist,Neutral
byzantine wall christian trapezoynta invaded occupied islam massacred sent exile child remain christian denial since flatten gaza immediatelly israel,Neutral
check different auston matthew card lot maple leaf ebay via ebay israel gaza hamas asian game steve cohen klaus schwab tel aviv nebraska palestinian kansa state otev lido smackdown isle hockey nhl mlb nfl nba toronto,Neutral
tatiana maslany stand palestine via instagram story,Neutral
scum send front see long last,Neutral
israel another american state independent government,Neutral
israel hamas announced four day truce deal rundown happened gaza since october,Neutral
stand melissa barrera palestine,Neutral
video geertwilderspvv announcement landslide victory notice flag israel behind,Neutral
wanted wipe palestine whole world became palestinian,Neutral
lionel messi bodyguard spawned randomly nowhere mr ibu end kizz daniel south african nkunku zino israel hamas twice tall wike,Neutral
mujahideen palestine gave blood trying free woman like israel prisoner exchange deal pakistani military deep state making sure aafia siddiqui stay prisoner usa let ummah recognize real men snake,Neutral
andrew tate stand palestine,Neutral
stand business goal nigga,Neutral
clip yuta everything u guy dont get,Neutral
palestine red crescent say israeli force preventing al shifa hospital ambulance evacuating patient live update aje io,Neutral
istand weth palestine lam fromyemen,Neutral
la california never stay quiet let everyone know happening palestine,Neutral
fried turkey leg banana pudding stuffing green bean casserole mashed potato,Neutral
one question gaza occupied palestine territory israel withdrew gaza occupies gaza,Neutral
reply u look introvert actually follower actually look bi actually seem actually status single actually,Neutral
stand palestine,Neutral
indonesia malaysia unite zionist israel,Neutral
former mp e barak israeli said cnn israel built underground room ect controled strip israeli tunnel idf release incredible drone footage showing hamas tunnel network built underneath gaza hospital via,Neutral
shmuelshalom check history one talk long live palestine,Neutral
saying zionist disproportionate influence american politics really antisemitic given majority zionist including elected office even jew,Neutral
israel apartheid full display wake world,Neutral
fetterman unbending israel confounds progressive brother via politico,Neutral
israel built find former israeli prime minister ehud barak told christiane amanpour hamas bunker al shifa hospital originally built israeli constructor okaaaaaaaaaaaaay idf find,Neutral
israel working way designed,Neutral
president kennedy israel,Neutral
stand israel forever,Neutral
video social medium show israeli army plane bombing several site home gaza strip simultaneously gaza israel palestine sputnikafrica,Neutral
byzantine wall christian trapezoynta invaded occupied islam massacred sent exile child remain christian denial since flatten gaza immediatelly israel,Neutral
seal suleman also known david star always associated zionist movement state israel historically featured everything talisman flag muslim world thread,Neutral
byzantine wall christian trapezoynta invaded occupied islam massacred sent exile child remain christian denial since flatten gaza immediatelly israel,Neutral
maybe slipped medium bunker found gaza al shifa hospital built israel many year ago ex israel pm,Neutral
allowed question israel involvement,Neutral
one better actually read founder zionism israel described state colonial venture designed expel population even left wing zionist actually read ideology administration plo hamas,Neutral
palestine trend boycotting israel supporting company trend compassion innocent trend isreal continue killing palestinian bombing gaza long world silent stop talking never stop,Neutral
brb waiting go viral,Neutral
stand palestine,Neutral
earlier today rocket barrage lebanon israel grad fell short impacting home ebil southern lebanon,Neutral
hamas tunnel israel built,Neutral
spain recognize state palestine spanish prime minister pedro sanchez announce decision scheduled visit israel week,Neutral
terkini serangan roket terbesar dari hizbullah ke gaileee sejak perang bermula sebanyak roket dilancarkan maklum radio tentera israel,Neutral
believe gut call falafel israeli food man middle east turkey israel judaism race religion,Neutral
virginia woolf year,Neutral
appendix n dna,Neutral
get name something identify,Neutral
moment becomes apparent tv presenter simply job one,Neutral
israel lie lie lie,Neutral
til waiting,Neutral
spain recognize state palestine spanish prime minister pedro sanchez announce decision scheduled visit israel week,Neutral
geez heard loud scream everyone definitely waiting soojin,Neutral
indonesian stand palestine,Neutral
hindu israel,Neutral
check different alexander ovechkin card lot capital ebay via ebay israel gaza hamas asian game steve cohen klaus schwab tel aviv nebraska palestinian kansa state otev lido smackdown isle hockey nhl mlb nfl nba washington dc,Neutral
repair car continue hussle food plenty food stuff carter householdy hung g ep,Neutral
wait wait wait wait wait wait wait w ait whole justification targeting hospital underground command center built israel purpose,Neutral
pier morgan x andrew tate discus palestine israel,Neutral
bencong israel could never,Neutral
upon time palestine flourishing came demon palestine gaza palestineisraelwar,Neutral
hamas soldier arrived hospital israel bombed gaza strip hamas mean child usual target,Neutral
poland stand palestine,Neutral
hashtag deboosting test palestine gaza,Neutral
,Neutral
simply believe,Neutral
day pause started start gaza still bombed,Neutral
calling lie reveal little know reality occupation hebron repbowman went street walk unless jewish seen eye thousand seen palestinian experience daily,Neutral
israel demolishes home palestinian family south hebron hill march,Neutral
painted mural el paso juarez international bridge visible anyone cross walking two mural left another palestine mural year viva palestina,Neutral
israeli occupation force conduct raid town sebastia northwest nablus westbank part routine raid carried iof israel,Neutral
aftermath pounding jabali refugee camp took thursday afternoon israel gaza palestine,Neutral
hi alivelshi middle eastern jew one real apartheid state israel arab israeli live equal citizen arab world expelled jew also palestinian allow jew live among,Neutral
israel propaganda v palestine propaganda article supporting link,Neutral
god please turn enemy palestine dust gaza palestine,Neutral
check arnold palmer sgc gem mint fax pax ebay via ebay israel gaza hamas asian game steve cohen klaus schwab tel aviv nebraska palestine kansa state otev lido smackdown isle hockey nhl mlb nfl nba qatar jerusalem palestinian,Neutral
reference video featuring ehud barak former prime minister israel discussing tunnel constructed israel beneath al shifa hospital,Neutral
sunghoon always famous,Neutral
israel round palestinian woman child first place dude asking legit question one asking rn gaza,Neutral
israel found hamas tunnel hospital,Neutral
long live palestine zionist censorship,Neutral
deputy speaker israeli knesset humane burn gaza less kyle anzalone gaza israel palestine palestinian gazaceasefirenow,Neutral
stand israel im czech republic,Neutral
watch palestine isreal conflict voice peace new part series current conflict mta,Neutral
butterfly cake,Neutral
twitter interaction circle,Neutral
israel fund russia,Neutral
day pause ceasefire day pause ceasefire day pause ceasefire day pause ceasefire day pause ceasefire day pause ceasefire day pause ceasefire day pause ceasefire,Neutral
israel,Neutral
report suggest jenna ortega sought termination contract scream franchise melissa barrera dismissal expressing support palestine,Neutral
israel zionism,Neutral
hey get photo printed,Neutral
watch year old palestinian talking happening,Neutral
year occupation palestine hello call year,Neutral
gamespot main character,Neutral
learn english never palestinian country land,Neutral
,Neutral
member israel lobby,Neutral
kanye never spoken palestine day life,Neutral
netanyahu denies secret deal allows gazans move south back north truce say ordered mossad act hamas leader wherever may defmin gallant say ismail haniyeh khaled mashal living borrowed time,Neutral
palestine flag title tell need know opinion,Neutral
israel claim oct debunked influencer debunked claim using medium,Neutral
stand palestine,Neutral
occupied palestine iq,Neutral
u seen black friday sale,Neutral
volvo israeli subsidiary merkavim provide bus transport palestinian captive occupation dungeon volvo equipment also used home demolition aid israel ethnic cleansing palestine,Neutral
israeli soldier meet palestinian resistance,Neutral
seol inah invented girlcrushnism,Neutral
zelda ocarina time anniversary,Neutral
another israeli propaganda claim impartial human right expert say israel provided credible evidence yet may true yet see proof even true still illegal israel disproportionately target civilian international law,Neutral
proof israel apartheid,Neutral
palestine judah israel homeland judaism judah hmmmmmm,Neutral
real face israel,Neutral
israel india relevant war fought j also fought condolence family brave heart soldier fought peace kashmir rip indian army world cup pak smuggling uranium ipl auction world cup,Neutral
always palestine,Neutral
data front comparing aid palestine received european country post marshall plan adjusted inflation normalized per citizen palestine lead every european country post compared african country,Neutral
course israel recall ambassador south africa,Neutral
ishankz neutral regarding israel palestine expressed view yet,Neutral
ka ak al quds fluffy ring shaped bread w sesame seed crust found street jerusalem famous staple palestine long history jerusalem embracing palestinian cuisine tribute heritage,Neutral
bombardment israeli naval boat west city khan yunis south strip palestine israel,Neutral
person palestine relative friend killed imprisoned live occupation life triumph someone nothing lose,Neutral
let let fact spoken palestine slide,Neutral
long live resistance,Neutral
whenever temporary ceasefire imminent israel us every second massacre many palestinian child gaza gazagenocide palestine,Neutral
putin say palestine need state,Neutral
prime minister keep insisting israel right defend,Neutral
palestine largest donor country recognize israel palestine,Neutral
palestine palestine come transforming forever let gaza change,Neutral
cemil bayik interview situation palestine middle east state moved far away society,Neutral
pro israel activist discus shooting u congresswoman rashida tlaib x space session,Neutral
look ur word line using,Neutral
heard something helicopter israel helped citiziens,Neutral
germany palestine,Neutral
arab world stabbing palestine back,Neutral
israel never land,Neutral
israel terorrst state,Neutral
icymi bolivia representative united nation gaza genocide nothing justify israel dehumanizing action allege right self defence acting territory belong territory occupied,Neutral
banksy made piece support palestine accused nazi propagandist anti semite pro israel freak stole work palestinian land put art gallery perfect metaphor israeli regime,Neutral
woman per say woman paid shout,Neutral
hamas church,Neutral
hamas need surrender,Neutral
israel begin pumping seawater hamas tunnel,Neutral
hamas,Neutral
mention palestinian hamas,Neutral
tossed hamas cash,Neutral
imagine hamas sympathizer,Neutral
objectively sane correct answer possible question,Neutral
let eat russia hamas together,Neutral
thought parody account read comment unrwa hamas,Neutral
hamas supporting terrorist good,Neutral
say journalist code hamas correct,Neutral
said hamas khama jewish bank,Neutral
hamas would behead,Neutral
scribbling palestine put hamas hamas taking humanitarian aid sometimes sell palestinian,Neutral
netanya hou trying stay dictator treadmill,Neutral
exactly hamas said plan,Neutral
self entitlement astonishing zionist witchhunt netanya hou israel apartheid,Neutral
child learn early action real consequence least learn away hamas orientated parent,Neutral
going hamas give anything,Neutral
try hamas throbber,Neutral
hamas,Neutral
hamas without mask since,Neutral
calling hamas surrender,Neutral
hamas give rat ace civilian palestinian israeli made blatantly obvious u hamas need erased,Neutral
problem american trust fbi wray think issue suspendablesusa fbi dhs warn threat public safety holiday season amplified israel hamas conflict,Neutral
graduate hamas harvard enough said,Neutral
hamas tem que ser extintos da face da terra,Neutral
hamas well known hiding behind population reason give hamas immunity rather yet another reason eliminate israeli palestinian,Neutral
people iran based call citizen exchange gaza israel hamas,Neutral
many palestinian member hamas civilian,Neutral
thanks hamas even palestinian cursing hamas meanwhile internet brainwashed foreign non palestinian muslim supporting hamas terrorist,Neutral
nope instead hamas eliminate soldier bald head,Neutral
hamas started idf finish,Neutral
bee hamas,Neutral
tell hamas surrender,Neutral
course holding hamas accountability system keep saying hamas governing body democratically elected year ago election gaza ever side held standard right right,Neutral
river sea hamas cease,Neutral
hamas right,Neutral
nothing came since yesterday ca v adrianne charles,Neutral
squad administration assisting hamas administration released fund iran hamas squad providing pertinent information military location,Neutral
think ok murder innocent palestinian way hamas ok got,Neutral
iranian foreign minister say israel u wipe hamas reuters,Neutral
hamas semitic people probably thd european jew colonized land,Neutral
wipe hamas,Neutral
people gaza legally crossing border israel every day work get treated israeli hospital etc none going happen anymore thanks hamas calling place ghetto disgusting jewish people know ghetto,Neutral
hamas,Neutral
none people including literal newborn premature infant hamas got bud already know,Neutral
un passed resolution calling ceasefire e protecting hamas without even condemning hamas massacre czechia austria two european country voted shame rest europe especially voted favor,Neutral
side note artifical push year old female leader silly unresponsible tv show teach child disobey parent disobey adult charge talk back typical pro hamas hollywood show really gone hill w politics,Neutral
israel drove suitcase stuffed cash gaza keep hamas power nyt,Neutral
wait called roaring reason,Neutral
deserve hamas treatment,Neutral
look little harder find israel state started funded hamas,Neutral
noted putin planned funded hamas attack birthday gift take away funding get ukraine posted regarding google putin birthdate october guess,Neutral
meet hamas theyd slaughter,Neutral
unwra hamas spelled differently,Neutral
never said eradicating hamas,Neutral
oddly specific thing lie,Neutral
idf begin pumping seawater hamas tunnel gaza wsj egypt filled tunnel gaza strip sinai peninsula seawater,Neutral
de fund unrwa unrwa hamas hamas unrwa,Neutral
tseday call hamas ceasefire israeli ambassador said,Neutral
understand biden netanya hou put kind standup comedy usual gaza genio cide israel hamas war russia ukraine war human right hypocrisy,Neutral
get hamas tunnel guess mind send chocolate flower instead,Neutral
think prepubescent,Neutral
hamas drug went body,Neutral
israeli military operates telegram channel named virgin among thing post atrocity photo soldier driving body hamas member exterminating roach exterminating hamas rat share beauty,Neutral
moral army world per netanyahou,Neutral
photo used recruit many new hamas member start hamas day going find large portion regular dude like last similar photo shoot,Neutral
elected hamas,Neutral
decided open barber shop jewelry store shill hamas,Neutral
gaza mass surrender hamas terrorist facing idf bit harder facing baby innocent teen music festival hamas isi,Neutral
israel begin pumping seawater hamas tunnel gaza report ndtv com world news isr,Neutral
stand hamas,Neutral
mb hamas egypt,Neutral
netanya hou scarred october manhood mutilated live tv israeli leader bunch misfit unusual sadistic tendency belong mental sanatorium,Neutral
hamas infiltrated community note,Neutral
wait til hamas come country come citizen singing different tune,Neutral
exterminate hamas start netinisayahoo dare mean,Neutral
unrwa legitimacy discussion proven cover hamas,Neutral
brooke lober lecturer ucberkeley listed professor sonoma state university affiliated jvplive claimed oakland city council meeting hamas massacre jew fabricated narrative,Neutral
harvard known hamas university plagiarizing president helm degree longer hold status alumnus grad would embarassed,Neutral
hamas city tunnel civilian allowed,Neutral
asked donation via hamas humanitarian nonprofit,Neutral
anyone know george soros funding hamas iran,Neutral
civilian hamas force,Neutral
made suggestion get hamas power order someone else,Neutral
hamas targeted israel israel targeting hamas civilian lie,Neutral
biden also said kidnapped hamas placed jar hour squeezed whole body jar peanut butter,Neutral
amnesty front office hamas,Neutral
balcoh liberation army still fighting resisting pakistan zionist state like hamas long live bla long live resistance,Neutral
relief stolen immediately hamas,Neutral
guessing literally bot account mate,Neutral
hamas need surrender,Neutral
called freedom fighter palestine hamas terrorist fucking state call,Neutral
maybe person native language hamas,Neutral
h hamas eliminated,Neutral
gaza un ministry hamas,Neutral
another hamas palestinian lie believe word say,Neutral
israel bombed house full child gaza gaza gazageniocide israel hamas palestine ceasefire ceasefire gaza,Neutral
let talk billion dollar hamas leadership stole palestinian people,Neutral
de fund unrwa unrwa hamas hamas unrwa,Neutral
benjamin netanyahu say ceasefire hamas palestine,Neutral
hamas victory,Neutral
reuters meeting paris limit hamas financing news gaza bombing,Neutral
known hamas university plagiarizing president helm would embarassed alumnus graduate degree longer hold status,Neutral
hamas university going,Neutral
mean hamas occupation,Neutral
hamas,Neutral
two place listed sanction list gaza west bank hamas located shell aid corporation,Neutral
spectacular footage iron dome interception afternoon northern israel hezbollah lebanon hamas hamasislsis hamasrapists october massacre october,Neutral
yup egypt joined blockade flooded hamas tunnel sewage,Neutral
international criminal court ever indicted african leader people affiliated russia high time indict netanyahu general along hamas way palestinian israeli move live peace,Neutral
mouthpiece hamas,Neutral
de fund unrwa unrwa hamas hamas unrwa,Neutral
yes hindgaza ratted palestinian peace activist ramus aman resulting arrest torture hamas,Neutral
maybe hamas spent year using humanitarian aid construct mile tunnel hide slaughtering baby child family woman grandparent drowning like rat sound gaza support hamas roman salted enemy field,Neutral
israel begin pumping seawater hamas gaza tunnel,Neutral
told hamas,Neutral
two month october still learning depth hamas nazi depravity,Neutral
hamas different palestinian people one,Neutral
hamas always israel need rid bibi,Neutral
israel begin pumping seawater alleged hamas tunnel gaza report,Neutral
real senior hamas official mahmoud al zahar army jerusalem liberate palestinian land million square kilometer planet earth come system zionism treacherous christianity,Neutral
turn hamas israel palestine,Neutral
even hamas building civilian building people live child live,Neutral
yep eliminated hamas one less terrorist group make thing peaceful,Neutral
new isgap report qatar hamas main funder also leading funder u university explains harvard mit university pennsylvania many u institution higher education become mouthpiece hamas jihadist qatari investment designed maximize impact young mind america,Neutral
consortium taymartinii thatboyarnaud callumpears auphoricgold hamasmawad adriimrtn thiefinthecards farzinfardiss chirieleisonf ringofiretn tpnlsk vhardion thetotallyreald brookeinlibra returnsparky dhiaalc,Neutral
hamas,Neutral
hamas leader bailed beirut qatar probably turkey something big go,Neutral
hamas lair otherwise known,Neutral
hamas unrwa unrwa hamas worked yet really as,Neutral
must watch enough hamas co founder son speaks,Neutral
oh look hamas human shield,Neutral
read previous human right report human right group routinely found exactly witness israeli genocidal binge evidence hamas using human shield ton evidence israel using palestinian human shield,Neutral
massacre end way massacre precedes hamas existence,Neutral
oh baby,Neutral
hamas palestinian,Neutral
u taxpayer dollar funding unrwa effort aid hamas american people deserve know one penny corrupt organization,Neutral
mysteriouskat katherine refuse answer question many hamas coconspirator know got one else answer please,Neutral
probably used hamas shield,Neutral
plenty hamas west bank especially jenin,Neutral
hospital west bank far hamas pretense dropped,Neutral
tell version close netanyahou,Neutral
hamas would never surrender would rather go upstairs absolute poppycock,Neutral
mother call child gaza,Neutral
canada voted favour un resolution calling immediate humanitarian ceasefire war israel hamas vote working ukraine idts,Neutral
election horizon trudeau pandering hamas vote,Neutral
dial hamas israel ceasefire,Neutral
accountability check hamas,Neutral
using white phosphorus heavily populated civilian area furthering israel aim eliminating hamas,Neutral
iranian handler tell sufficiently hamas,Neutral
also note image woman child group surrender seems indicate many hamas unless one assumes men stayed behind,Neutral
see truth soon support palestine unlike getting netanyahou spread propaganda fake news gas lighting muslim jezs know end isreal,Neutral
hamas step disarm,Neutral
getting education hamas started muslim brotherhood egypt,Neutral
turn hamas israel palestine,Neutral
ceasefire hamas broke twice palestinian civilian support,Neutral
nick fuentes closer itamar ben gvir anyone hamas,Neutral
hamas would exist without israel resistance group reason exist without oppresser need resisting need remove israel boot palestine neck,Neutral
indeed hamas sooo onest,Neutral
israeli captive released gaza ceasefire hamas,Neutral
idf begun pumping seawater hamas tunnel complex gaza wall street journal reported tuesday citing unnamed u official adding process would likely take week,Neutral
breaking report idf force begun pump seawater hamas tunnel gaza developing,Neutral
,Neutral
one person applauding rewarding act terroism conversation even better know willing sympathise terroists moral conviction war would end today hostage released hamas surrendered forget,Neutral
tell hamas surrender,Neutral
hamas need surrender people gaza,Neutral
since october massacre every day seemingly brings story alleged connection hamas unrwa institution gaza,Neutral
hamas plenty food go tunnel rat,Neutral
hamas sadist sympathizer,Neutral
finkelstein said jewish billionaire turn none nation harbor finance hamas leadership,Neutral
idf reportedly begun pumping seawater hamas tunnel complex gaza process expected take week,Neutral
idf begun pumping seawater hamas tunnel complex gaza idf begin pumping seawater hamas tunnel gaza wsj,Neutral
also care bombing killing hamas supporter,Neutral
belief condemning hamas,Neutral
hamas sent missile day talken,Neutral
west generally understand inner work arab world complex hamas israel,Neutral
controlling hamas tehran connected einstein,Neutral
video condemning hamas many video israeli woman proving hamas dealt humanely video,Neutral
turn hamas israel palestine,Neutral
heartbroken share body year old eden zecharya kidnapped hamas terrorist nova festival october found gaza may eden family find comfort may eden memory forever blessing,Neutral
hamas invades israel russia invaded ukraine u government invades constitution,Neutral
tell hamas surrender,Neutral
israel hamas leader need blood child woman elderly,Neutral
complement hamas flood tunnel let get,Neutral
breaking hamas leader abu obedia say israeli force wear diaper abu obeida iof army world wear diaper specifically pampers,Neutral
palestine isreal stand equality gender religion including lgbt tell think palestine would ever give level equality lgbt plus hamas invade take civilian captive highest order,Neutral
fully support albo calling ceasefire ceasefire save innocent life also call hamas release innocent hostage ceasefire release hostage,Neutral
ryna workman nyu top law school genius say disbelief announcing allegiance hamas controversial peer future big law employer,Neutral
hamas human,Neutral
thing neither hamas yousaf speak scotland nationalist minority,Neutral
try buying house hamas realtor inc,Neutral
instead ceasefire hamas surrender,Neutral
hamas,Neutral
victory hamas n palestinian people,Neutral
come hamas went israeli border without noticed different question answer,Neutral
enough hamas,Neutral
report cite dozen government official familiar policy lay qatari funded payment hamas allowed facilitated israel part wider strategy suppress palestinian,Neutral
musta hamas,Neutral
every civilian hamas demon,Neutral
isreal cunning using civilian claim hamas turn gaza parking lot gaza turned dust thousand hamas say,Neutral
note hamas many time kick dog get bit,Neutral
support hamas move gaza fight,Neutral
hamas search right,Neutral
large tunnel found gaza hamas tunnel remains zionist bomb civilian gaza gaza genio cide free palestine,Neutral
time surrender hamas,Neutral
good way peace hamas defeated weapon came uk care shut terrorist supporting witch,Neutral
free palestine meatball man passing idf ran away fear thought hamas,Neutral
pop quiz percentage living gazans voted hamas,Neutral
consequence hamas,Neutral
hamas surrender,Neutral
three gender,Neutral
harvard hamas difference,Neutral
tell hamas,Neutral
idf must destroy every single rubbish hamas seek justice,Neutral
mean israel funding hamas year,Neutral
mass hamas surrender today take execute execute execute,Neutral
would school start another hamas base,Neutral
get real hamas capability wipe israel even wanted israel genociding palestinian,Neutral
percentage mosque gaza assist hamas,Neutral
un hamas collaboration building,Neutral
hamas wear nike uniform,Neutral
hamas civilian,Neutral
gazans go nearest idf surrender baby made stay hamas daddy,Neutral
never surrender israel hamas eliminated including north israel,Neutral
eliminated emad krikae commander hamas shejaiya battalion elimination previous commander hamas shejaiya battalion krikae assumed position previously deputy commander hamas shejaiya battalion responsible anti tank missile training gaza city brigade,Neutral
existential moment discover maybe allah hamas side,Neutral
de fund unrwa unrwa hamas hamas unrwa,Neutral
ceasefire hamas eliminated,Neutral
talk hamas ceasefire effect october wrought,Neutral
hamas right,Neutral
turn hamas israel palestine,Neutral
care want hamas completely destroyed way spoken thousand year,Neutral
yes apparently israel going unwra school gaza learn humanity good job teaching genocidal jihadi hamas terrorist israel taking leaf book soon understand rule international law,Neutral
bed hamas,Neutral
look news article daily caller israel begin flooding hamas tunnel network seawater,Neutral
really important distinction quite clear video hamas proscribed terrorist organisation uk crime support promote way palestine,Neutral
also pro hamas shill,Neutral
trudeau government vote un israel hamas ceasefire joint statement australia n z box,Neutral
water river sea hamas cup tea,Neutral
ten hamas downfall,Neutral
china ussr north korea russia nazi germany belarus saddam gaddafi venezuela turkmenistan taliban hamas idf fidel castro khmer rouge pakistan iran assad azerbaijan,Neutral
court order joe biden reveal taxpayer money funding hamas via anteksiler,Neutral
thought hamas started,Neutral
hamas trash,Neutral
hamas could learn thing two,Neutral
u n general assembly voted overwhelmingly tuesday demand humanitarian cease fire gaza strong demonstration global support ending israel hamas war,Neutral
joe biden congratulating jew hanukkah white house read teleprompter father died year ago survived hamas attack october world laughing u,Neutral
arm hamas palestinian nothing changed know beyond doubt fully supported new york time start,Neutral
israel inicia bombeamento de gua mar em complexo de tneis hamas na faixa de gaza segundo wall street journal israel begin pumping seawater hamas tunnel complex gaza strip according wall street journal,Neutral
must see journalist cosgroveiv press pro israel congressman benjamin netanyahu israeli government long history propping hamas look send billion dollar israel ft scotthortonshow comicdavesmith,Neutral
mass surrender hamas quitting gaza idf israel,Neutral
tell hamas surrender end,Neutral
hamas loot humanitarian aid guard gunpoint civilian get humanitarian aid gaza hamas,Neutral
civilian hamas one,Neutral
israel begin flooding hamas tunnel gaza seawater report via thedailybeast,Neutral
belief condemning hamas,Neutral
applying hamas university,Neutral
day numbered hamas,Neutral
ending hamas,Neutral
first substantive claim hamas,Neutral
dude hamas propped israel report bibi sending money,Neutral
hebron gaza hamas hebron south lebanon yemen,Neutral
un working netanyahou,Neutral
uncover real story behind hanukkah christmas cancellation candice malcolm show open canuck canada news current event christmas culture dei front hamas,Neutral
international criminal court ever indicted african leader people affiliated russia high time indict netanyahu general along hamas way palestinian israeli move live peace,Neutral
buying quiet israel propped hamas,Neutral
buying quiet israel propped hamas,Neutral
israel palestinian hamas even calendar hamas tommorow say stone hamas,Neutral
democrat ukraine hamas supported fought germany wwii,Neutral
hamas asked,Neutral
okay guy stop acting like care people held hostage hamas since beginning,Neutral
breaking wall street journal report israeli military begun pumping seawater hamas tunnel gaza,Neutral
hamas walsh say,Neutral
hamas civilian made live gaza west bank,Neutral
sign need billboard across planet need placard pro israel rally need go pro palestinian hamas rally hold placard jewbelong lauderronald antisemitism worldjewishcong,Neutral
pro palestinian actually hamas,Neutral
tobiayodele israel drove suitcase stuffed cash gaza keep hamas power nytimes,Neutral
israel started flooding hamas tunnel network seawater wsj,Neutral
already imagine hamas saying cyborg,Neutral
olivia greiffenstein psych graguate cuboulder ripped poster boulder co israeli kidnapped hamas read,Neutral
going flood hamas rat right tunnel,Neutral
hamas official even live gaza,Neutral
old allow little boy full video evidence released hamas october youtube go shove cheap propaganda,Neutral
turn away hamas,Neutral
keyboard warrior tell possible get rid hamas realistically possible,Neutral
hamas actually zionist shill,Neutral
,Neutral
hamas even,Neutral
processed see hamas civilian everything equal nazi,Neutral
end netanya hou approched final stage,Neutral
palestinian country hamas would even exist,Neutral
pro palestine protester marched jewish neighborhood queen chanted islamic creed message palestinian nationalism counter protester shouted f k hamas video scootercasterny,Neutral
folk represented hamas,Neutral
b antisemitic pro hamas,Neutral
let big secret isreal netanyahu funding hamas boogy man,Neutral
believe hamas expect,Neutral
breaking breaking news idf begun pumping seawater hamas tunnel gaza israel gaza hamas,Neutral
hamas surrender,Neutral
advice netanyahou,Neutral
israel wanted gaza would waited hamas invaded hamas given enough reason occupy almost year,Neutral
hamas tunnel go higher ground asap,Neutral
tell hamas surrender,Neutral
lie scum hamas surrendering,Neutral
hamas,Neutral
biden provided white phosphorus government knowingly bombing civilian hamas sign military contract biden,Neutral
hamas explain west bank nothing hamas,Neutral
finish hamas palestinian support life vain blood avenged,Neutral
international criminal court ever indicted african leader people affiliated russia high time indict netanyahu general along hamas way palestinian israeli move live peace,Neutral
align either israel hamas american,Neutral
way hamas started idf finish classic reply palastinians get arab,Neutral
hamas,Neutral
international criminal court ever indicted african leader people affiliated russia high time indict netanyahu general along hamas way palestinian israeli move live peace,Neutral
believe hamas cell dining hall notify israelipm send tank immediately hold salvation coming salad,Neutral
wall street journal report israel started flooding hamas built tunnel water mediterranean operation take week currently seven pump used effort,Neutral
started hamas surrender time,Neutral
never forget treated well hamas sympathiser,Neutral
justify hamas action,Neutral
yea watch fall apart case watch,Neutral
get rid hamas including step way,Neutral
israel military begun pump seawater hamas tunnel gaza wsj,Neutral
let make bet find example conviction israeli soldier action civilian find example hamas operative convicted heinous action civilian,Neutral
israel begun pumping seawater gaza flood hamas tunnel according u official,Neutral
may idf wipe hamas knuckle dragger face earth,Neutral
going persuade hamas ceasefire,Neutral
know hamas military installation built within school,Neutral
almost un intricately dependent hamas,Neutral
un bldg unwra command center hamas fixed,Neutral
like child october blame hamas,Neutral
kunt attend pro hamas event,Neutral
hamas,Neutral
member israeli parliament question netanyahu administration hamas,Neutral
conflate palestine hamas,Neutral
spine eliminating hamas,Neutral
correct people study terriorsts said image like likely create hamas member thing happened abu ghraib recruiting tool people say look u humiliate u,Neutral
new beyond hamas world,Neutral
people calling ceasefire instead calling hamas surrender unreasonable people reason unreasonable people,Neutral
everyone quickly forgot signed open letter along w ppl hollywood condemning hamas running w israel lie,Neutral
another way would eliminating hamas happening right,Neutral
lot thing happening last day many palestinian hamas rounded quickly idf,Neutral
hamas need surrender,Neutral
enough eliminate sign hamas,Neutral
video show moment israeli force blew unrwa school building beit hanoun northern gaza say used hamas outpost un school building shelter thousand displaced palestinian gaza continue targeted israel,Neutral
tell hamas,Neutral
scene showing moment israeli occupation force executed ramus al jandab fara camp tuba west bank,Neutral
take part hamas,Neutral
heyyy civilains camera roll lighting action post social medium hamas surrender,Neutral
ho president make new black owned business,Neutral
macron voter le pen v melenchon scenario,Neutral
think even hamas acknowledged israel went border mean gon na happen still conditional recognition compared absolute annihilation,Neutral
de fund unrwa unrwa hamas hamas unrwa,Neutral
civilian right palestinian right regardless hamas done israeli right regardless israel done civilian right regardless nation past regardless everything nature right,Neutral
united nation pro palestine people support hamas nazi want kill jew,Neutral
idf begin pumping seawater hamas tunnel gaza wsj,Neutral
come hamas finish,Neutral
israel option take hamas,Neutral
beginning end hamas isi,Neutral
know captured hamas soldier evidence,Neutral
hamas always asks netanyahu never ask netanyahu,Neutral
zionist biden u provide military aid israel get rid hamas american president said,Neutral
hamas flooding tunnel,Neutral
see cam gone full thug,Neutral
soldier hamas,Neutral
hamas throw queer bridge,Neutral
hamas loosing quickly nut,Neutral
israei kidnapping palestinian men numbering labeling hamas u used similar tactic regular civilian farmer afghanistan iraq,Neutral
un secretly working hamas year,Neutral
uzkhawaja planning condemning october declaration war hamas israel take sign supporting israel mcg boxing day,Neutral
meanwhile hamas surrender,Neutral
level hamas stand israel,Neutral
probably shooting buddy try circle side opps oh hamas,Neutral
pop quiz percentage living gazans voted hamas,Neutral
actual hamas sympathizer,Neutral
report israel begin flooding hamas tunnel seawater via arutzshevaen,Neutral
little little evidence hamas us palestinian human shield however evidence idf us palestinian human shield,Neutral
hamas need shoe fight idf stronger idf,Neutral
stand w israel palestinian stand hamas,Neutral
hamas,Neutral
majority american want ceasefire majority american support israel want hamas surrender destroyed,Neutral
hamas terrorist hijack humanitarian aid truck moment cross gaza egypt look like managed put hand lot flour,Neutral
human right watch hamas blew gaza hospital gaza finding october al ahli hospital explosion,Neutral
brannan u send money hamas protestors,Neutral
mention hamas resolution,Neutral
already say netanyahou interview blame arab giving idea holocaust hitler,Neutral
hamas hold key ending,Neutral
get hamas desk know mean,Neutral
gavinnewsom miabonta progressive california politician turning historic surplus historic deficit teacher either striking trying teach kid unsanctioned lesson plan hamas state innovating education help kid catch,Neutral
head full mush clue would thrown building hamas parading around,Neutral
israeli regime claim captured hamas doctor nurse two teacher baker identified photo say ramabdu,Neutral
hamas give black eye,Neutral
israel carnage continues fiercely aim completely wiping hamas,Neutral
yup look closely find hamas surrender quick,Neutral
quick somebody tell idf hamas landed europe,Neutral
un negotiate hamas,Neutral
many hamas tunnel rat actual footage running,Neutral
eradicate hamas said,Neutral
hamas surrendering,Neutral
people supporrt humanity hamas,Neutral
hamas tape ki jewish woman girl keep quiet,Neutral
report israel begin flooding hamas tunnel seawater via arutzshevaen,Neutral
wolf sheep clothing hamas changed remember sided progressive radical coloradan,Neutral
conflating palestinian civilian hamas figure,Neutral
make race butchery hamas,Neutral
michelle obama team hamas,Neutral
dang wasim post got ratioed thank israel destroying hamas supporter infrastructure,Neutral
read hamas charter,Neutral
ceasefire hamas retrench rearm,Neutral
idf another hamas base discovered,Neutral
harvard university change name hamas university,Neutral
even ahead hamas figure,Neutral
change name hamas university done,Neutral
hamas managed get israeli settler gaza,Neutral
ya think hamas,Neutral
call occupation annexation knesset member otzma yehudit people still say hamas,Neutral
hamas record stated rehearsal josh burn correct,Neutral
one hamas political leadership palestinian gaza therefore hamas intent purpose state actor combatant noncombatant gaza,Neutral
get hamas,Neutral
de fund unrwa unrwa hamas hamas unrwa,Neutral
breaking israel military started pumping seawater flood hamas tunnel network hamas called october massacre flood al aqsa operation wanted flood get flood,Neutral
hamas,Neutral
allegedly one hamas naval underwater unmanned vehicle discovered captured investigation idf unit hamas allegedly helped iran establish production device several year ago,Neutral
bro sure got confused hamas hummus,Neutral
without hamas course,Neutral
hamas welcome un demanding immediate ceasefire gaza urge international community pressure israel abide decision statement news market live,Neutral
israeli army began pumping sea water hamas tunnel gaza may take week tunnel completely filled water wsj,Neutral
israel military begun pump seawater hamas vast complex tunnel gaza,Neutral
country understand hamas need eradicated,Neutral
wild wonder going affect situation qatar counting hamas area know,Neutral
actually consider supporting hamas acknowledge try keep hostage alive,Neutral
hamas sympathizer,Neutral
proof hamas,Neutral
outrageous doe child hamas compassion anyone,Neutral
hamas,Neutral
hamas israeli aparche helicopter,Neutral
whatever take remove hamas,Neutral
thankfully far left hamas supporter show violent,Neutral
hamas mouthpiece,Neutral
left hamas fixed,Neutral
biggest backer hamas though israel,Neutral
unrwa hamas hamas isi unrwa isi,Neutral
ah post card hamas tunnel swimmer,Neutral
responsabilidad de la yihad terrorista de hamas,Neutral
floor hamas,Neutral
year ago small band israeli became nazi hunter would eventually capture adolf eichmann buenos aire argentina decade wwii expect hamas leadership,Neutral
hamas would throw building,Neutral
research institute tracking unrwa many year revealed many member hamas nukhba force perpetrated october massacre graduate unrwa school employee,Neutral
voted hamas,Neutral
israeli child found hamas know story go idf,Neutral
never eradicating hamas eradicating people palestine,Neutral
hahahaha turned harvard hamas university,Neutral
gaza hamas nazi robbing humanitarian aid truck shooting palestinian civilian,Neutral
unofficial coming idf according wall street journal u official said israel begun pumping seawater hamas tunnel continue,Neutral
december al qassam brigade military wing hamas published footage showing support team operation rear position israel defense force inside gaza strip video multiple operative al qassam brigade support team fire mortar round reportedly idf unit gathering around gaza city interestingly many position placed inside tunnel entry near wood according war noir group using iranian made hm hm mortar high explosive mortar bomb,Neutral
charter longer charter hamas us,Neutral
unwatchable,Neutral
update hisutton com hamas al asef u first detail inside hamas garage build armed underwater vehicle example captured israel still digesting seeing think warhead would attached front see osint hamas,Neutral
heard hamas cash,Neutral
elder hamas,Neutral
hamas caught many time using ambulance troop transport,Neutral
first minister hamas,Neutral
israel allow train airport anything hamas founded popular liberation resistance movement rid palestinian people hell sitting home perhaps warm sofa writing word,Neutral
hamas university spoken,Neutral
biden raise concern israel plan flood hamas tunnel breaking news,Neutral
october hamas monster murdered yuval ben yehuda cold blood nova music festival yuval loved dance sing first good wherever went never come back october massacre hamas terrorist,Neutral
one beautiful family slaughtered hamas deserve everything coming multiplied deserve everything dished everything supporter tag along ride,Neutral
way hamas vote,Neutral
much socialism hamas matter,Neutral
ceasefires gaza never work hamas always break,Neutral
view hamas,Neutral
apparently australia stand hamas,Neutral
idf begun pumping seawater hamas tunnel gaza report world israel news,Neutral
clown,Neutral
swiss understand unrwa collaborating hamas,Neutral
realize hamas say abide ceasefire,Neutral
confer hamas,Neutral
hamas,Neutral
yea hamas f ed major miscalculation,Neutral
affiliated hamas necessarily militant would said past affiliated hamas sly euphemism used refer civilian work public service,Neutral
school legitimate military target hamas combatant used,Neutral
hamas civilian doctor bussinesmen teacher already proved,Neutral
recep tayyip erdogan ton heure approche netanya hou,Neutral
get rid hamas,Neutral
resolution give lifeline hamas recover repeat oct said would would samoa samoa israel position,Neutral
still proof people anything hamas nothing word nazi,Neutral
guess october people occupying gaza hamas,Neutral
statement member israeli military hamas,Neutral
knew hamas would,Neutral
hey cenk name show,Neutral
unrwa worthless everyone stand hamas isi replace abu obaida hamas spokesperson much better disgraceful,Neutral
israeli ambassador erdan expose sinwar phone number un want real ceasefire call hamas watch,Neutral
know naked know hamas moral,Neutral
hamas didnt target civillian right,Neutral
hamas prevent tunnel flooded sea water israel,Neutral
seen video hamas also israel trying bury evidence,Neutral
obssessed netanyahou son,Neutral
understand plight palestinian hamas feel israeli,Neutral
un resolution mean nothing israel keep rooting hamas,Neutral
israel tried multiple occasion make peace every time ceasefire hamas one break hamas intentionally target civilian idf warns attacking assist evacuation,Neutral
tell hamas surrender shut,Neutral
get deserves screeching banshee hamas,Neutral
hamas fall,Neutral
throw bridge hamas pla would,Neutral
hamas gone ceasefire start,Neutral
hamas university cesspool marxism,Neutral
called policy netanyahu prop hamas,Neutral
mass surrender hamas gaza,Neutral
turkey need booted nato pro russian pro hamas pro west,Neutral
biden gon na say braun part hamas tomorrow,Neutral
reminder bob rae justintrudeau voted hamas canadian jew must toss trash dustbin history,Neutral
iranian foreign minister israel america never able eliminate hamas,Neutral
hamas already,Neutral
still calling ceasefire watch video hamas leader,Neutral
hamas sevilian,Neutral
resolution vote calling surrender hamas,Neutral
tell hamas oh right even let vote drive car,Neutral
tell hamas surrender,Neutral
surrender hamas,Neutral
hamas reason,Neutral
leader hamas step whole crew,Neutral
unless hamas militant mostly child,Neutral
go mexico probably full hamas,Neutral
hamas use school hospital military outpost force civilian use building,Neutral
ceasefire till hamas finished,Neutral
even mentioned hamas philistine learned aluminum baseball bat,Neutral
hamas legit govt follow anything gunpowder un vote b usual,Neutral
sure calling humanitarian ceasefire amidst appropriate right exist defend condemnation hamas supporting language abandoning israel sure anyone would frame way,Neutral
maybe hamas woken big bear,Neutral
course islamistnazis buddy team hamas,Neutral
hamas would break anyway,Neutral
hamas last another month cope seethe,Neutral
israel begin pumping seawater hamas gaza tunnel,Neutral
proposing hamas men,Neutral
hamas lie always,Neutral
harvard expected change name hamas university,Neutral
gazans thanking hamas dance rain,Neutral
looking forward complete removal hamas,Neutral
hamas seems organization way life,Neutral
breaking aljazeera journalist ana shareef family home jabalia area gaza hit israeli airstrike claiming life father,Neutral
sap hamas,Neutral
consequence hamas,Neutral
pro fsa pro ukraine pro palestine pro hamas,Neutral
hamas university knock un door funding,Neutral
australia voted survival hamas take contrary position ally even uk abstained disgraceful,Neutral
un recognizes hamas role talk ceasefire,Neutral
bowing hamas right thing extremist believe hamas shoe shined,Neutral
well maybe used previous money weapon appropriately bought yacht shopping spree mansion use money sold palestinian hamas,Neutral
civilian hamas hamas civilian,Neutral
israel goal erase hamas war palestinian people israel goal erase people also entire idea palestine ambassador munir akram emergency special meeting united nation general assembly,Neutral
defending hamas,Neutral
hamas,Neutral
blame hamas intellectually bankrupt repeating israeli false propaganda muslim christian jew living haply peacefully together many year creation satanic zionist movement theodor herzl,Neutral
mention hamas,Neutral
hamas would give,Neutral
hamas take cue un resolution,Neutral
telling never hamas proof,Neutral
hamas school kid gone two month ago,Neutral
iron dome action intercepting hamas rocket targeting israeli city,Neutral
keep going rid world hamas,Neutral
go talk hamas controlling woman,Neutral
black nazi queer hamas,Neutral
israel recruiting hamas soldier utter depravity,Neutral
hamas captured executed benjamin netanyahu earlier today,Neutral
big breaking hamas publised video captioned watch tel aviv burn jerusalem liberated trailer video show newly unveiled rocket seems upgraded version rocket upgraded km range,Neutral
hamas indiscriminate israel,Neutral
wonder high rank hamas leader,Neutral
corporation muslim hamas university plagiarizing president degree hold status anymore,Neutral
hamas,Neutral
calling ceasefire end israel effort eliminate hamas absurd take consideration safety israel population also fails consider happen hamas end ceasefire happened time time,Neutral
joe netanyahu plan eliminating hamas,Neutral
b b hamas,Neutral
jihadist group supporting hamas attack conduct seminar turkish school,Neutral
think israel live hamas next door watch tell think,Neutral
funding hamas need eliminated hamas even register boy band without donor,Neutral
mention hamas sign,Neutral
difference hamas elected people,Neutral
still people support israel violent act committed elected government netanyahou,Neutral
going happen hamas,Neutral
hamas use human being shield hospital home command control centre,Neutral
rumor public hamas bigs third country also gone underground,Neutral
ever implied people pro hamas,Neutral
hamas rat tunnel,Neutral
civilian hamas,Neutral
hamas fd finding,Neutral
dlo still vega third highest paid player roster need consistency night night basis scoring moved someone come february,Neutral
anyway hamas look far far far right around,Neutral
much hamas order,Neutral
million palestinian gaza similar resident cuba late east germany almost none ever allowed leave member hamas total population voted hamas last election held,Neutral
u know civilian hamas estimated member,Neutral
hamas islam,Neutral
last tweet night see tomorrow able wake gaza,Neutral
source hamas,Neutral
practically hamas strategy,Neutral
everyone civilian tank rolled everyone hamas raid came back innit,Neutral
many hamas rat count,Neutral
qatari pm grilled jewish billionaire hamas tie,Neutral
known aiders abbetter hamas,Neutral
economic swing think trump tax cut trillion dollar spending help hamas need destroyed need protect western europe putin grasp consider peacenick american common need come together,Neutral
hamas soldier future israel end,Neutral
guy bed w hamas shot,Neutral
likely journos hamas,Neutral
live update israeli army flooding hamas tunnel seawater wsj report,Neutral
zoe daniel calling israel stop defending hamas fighter surrendering day call ceasefire encourage hamas surrender hamas leader exit qatar losing,Neutral
head rabbi completely false hamas jake roll,Neutral
tell hamas,Neutral
indeed muslim brotherhood used occupy control gaza hamas hey catherine,Neutral
let israel exist liberate palestine hamas,Neutral
embolden hamas likud ultranationalistic delusion fantasy,Neutral
say group never mentioned hamas existence october year,Neutral
professor say quiet part loud hamas speaks palestinian,Neutral
hamas go talking point,Neutral
hamas result occupation occupation hamas,Neutral
israel begin pumping seawater hamas gaza tunnel,Neutral
little sense bolsen happen america bee funding un hamas funding,Neutral
zionist biden u provide military aid israel get rid hamas american president said,Neutral
free palestine israel stolen palestine land save gaza meatball man passing idf ran away fear thought hamas yosephhaddad,Neutral
b walsh mix word hamas also unnecessary bombing word right potus,Neutral
much hamas treated israeli,Neutral
ongoing since october westbank presence hamas,Neutral
israel stop hamas control un joke,Neutral
huh thought get hamas,Neutral
bed hamas think,Neutral
photo hamas naval force operative circled eliminated,Neutral
would happen hamas pdf made hamas merge,Neutral
two captured hamas member look wearing western nike shirt nike shirt real,Neutral
hamas isi took money people taking food away,Neutral
report idf begun pumping seawater hamas tunnel gaza via timesofisrael,Neutral
un unrwa providing fuel barbarian hamas get usa un,Neutral
irony thinking sit kind moral superiority hamas rise butchered raped maimed kidnapped go away,Neutral
queer trans hamas,Neutral
course hamas volunteered human shield,Neutral
child told say hamas sight munition near school hospital hypocrite always using child,Neutral
end intifada hamas,Neutral
quickly hamas distinctively make hamas aviva since know much tell u,Neutral
history see forever future mehdi hasan go sulk hamas tunnel long live israel,Neutral
ten buck say hamas break ceasefire within hour called,Neutral
saudi month palestinian actually arab men palestine arabic case case hamas standing palestine waste time lost case ahohohohahaha order starbucks israeli may allah grant victory irs thier land explosion done beautiful people like okay kill,Neutral
harboring hamas men age gaza part hamas matter,Neutral
dictatorship congress joe bought paid netanyahou owns,Neutral
parallel parked suv bytches,Neutral
call hamas surrender,Neutral
cp hamas leader bailed beirut qatar probably turkey something big go,Neutral
right journalist stormed israel hamas watch rape kidnap slaughter party goer ordinary citizen world fed righteous b lie exposed watch hamas care citizen,Neutral
unrwa shown cover hamas time disbanded,Neutral
finish hamas,Neutral
voted hamas power hamas,Neutral
israeli military begun pumping seawater tunnel network gaza disrupt hamas operation wall street journal reported tuesday,Neutral
hardaway gone mf stay home laying outta mind v u,Neutral
israeli official shuts hamas sympathizer joy reid grilling gaza death little circumspect number,Neutral
today bring home bring home crowd chant bring home kidnapped hamas still gaza jewish new yorkers gathered outside central park lighting world largest menorah day chanukah,Neutral
correct jew reject antisemitism jamie raskin defends rashida tlaib call elimination jewish state voiced support hamas linked cair,Neutral
hamas,Neutral
apt response hamas sympathizer,Neutral
unless read breaking hamas leader longer promising repeat oct jew annihilated gazans longer say support oct attack un agreed start condemning murder israeli strongly palestinian dgaf un say,Neutral
see already flooding hamas rat tunnel underneath hospital school house gaza,Neutral
de fund unrwa unrwa hamas hamas unrwa,Neutral
hamas shield,Neutral
hamas new nazi,Neutral
report israel begin flooding hamas tunnel seawater via arutzshevaen,Neutral
israel begin pumping seawater hamas tunnel gaza report,Neutral
interference russia iran form hamas thats election interference big way,Neutral
hamas sponsored un sponsored tax dollar,Neutral
never happened spreading lie antisemitic blood libel mehdirhasan fbi investigate hamas connection,Neutral
consider hamas terroist organization reason also consider israel terroist organization,Neutral
joebiden deserves credit allowing israel two month hunt hamas mr president however need replaced sane republican allow israel destroy hamas,Neutral
breaking israeli army tell anadolu information confirming allegation hamas beheaded baby,Neutral
dallas shooting percent field,Neutral
never hamas always land grab,Neutral
palestine hamas gravedigger palestine,Neutral
forgot selling body part black market hamas university also whoop harvard,Neutral
hamas,Neutral
idf begun pumping seawater hamas tunnel complex gaza wall street journal reported tuesday citing unnamed u official adding process would likely take week,Neutral
yet group calling genocide opposition hamas impossible refute earlier version charter still profess hand population israel palestinian arab safe,Neutral
flooded hamas tunnel israel even considered sure shoot sight situation ground,Neutral
netanyahou periode going dustbin history israeli,Neutral
la amenaza de hezbollah hamas contra argentina milei via youtube,Neutral
either trumper hamas sympathizer,Neutral
confirmed israel flood hamas tunnel seawater israel commenced flooding hamas tunnel gaza using seawater move raise significant safety concern operation us pump capable moving large volume water situated near al shati refugee camp development particularly alarming given potential presence hostage still held hamas source wsj,Neutral
uk gov realize importance continuing ensure israel right self defense elimination terrorist group hamas,Neutral
mp hamas infiltrated political system ethic british,Neutral
word biden busy throwing money ukraine question mr zelenskyy hamas iran hezbollah mr biden kerry romney mr pelosi opinion,Neutral
call hamas surrender israel,Neutral
idf israel netanyahu mossadil civilian palestine hamas,Neutral
child age conscripted member hamas,Neutral
continue stand israeli people stand israel hamas must go,Neutral
alain mdium cent trente cinq otages sont officiellement toujours aux main du hamas la juste guerre pour liminer le hamas se poursuivra dclaration de netanyahou le tat unis soutiennent isral lui demandant toutefois pargner le civils,Neutral
breaking israel military begun pump seawater hamas tunnel gaza,Neutral
breaking israeli military begun pump seawater hamas tunnel gaza wsj,Neutral
hamas give sh people aka human shield,Neutral
hamas,Neutral
confirmed hamas bros friday saturday actually mutant teleport gaza west bank underground,Neutral
hamas surrender instead,Neutral
see big secondary explosion demolition explosive munition stored hamas going poof legitimate military target,Neutral
infant woman elderly hamas,Neutral
unrwa corrupt shill hamas,Neutral
hamas liberation army,Neutral
woman hamas,Neutral
netanyahu putin held minute conversation sunday israeli pm office put netanya hou,Neutral
msf official medium pr hamas,Neutral
hamas right exist right defend,Neutral
nah free hostage order hamas surrender look like hamas crumbling,Neutral
breaking israel military begun pump seawater hamas vast complex tunnel gaza wsj report,Neutral
sadly yes hamas symptom disease disease,Neutral
hamas brought,Neutral
idf hamas idf,Neutral
think canada abstained vote something include hamas surrender tweet hamas surrender,Neutral
vote save hamas keep cry tseday,Neutral
consequence hamas,Neutral
took word right mouth amen stand israel idf beast mode u armed force delta force hamas hezbollah,Neutral
call hamas,Neutral
de polonia tambin sobrevivimos de la inquisicion tambin sobrevivimos el pueblo de israel vive tenemos un estado judio que va sobrevivir todos uds terroristas subhumanos gaza e hamas hamas e gaza,Neutral
perhaps wore military uniform perhaps hamas,Neutral
imagine rooting russia hamas thinking sort moral high ground,Neutral
hamas already said would break another ceasefire,Neutral
consider condemning hamas,Neutral
palestinian hamas democrat nazi,Neutral
hitler saint comparison netanyahou,Neutral
sanuvacha think israel add kremlinrussia vladimir putin list providing hamas specific intel,Neutral
squawk october squawk hamas squawk human shield,Neutral
make hamas hamburg,Neutral
name marc rebillet,Neutral
hamas likely made impossible,Neutral
selenagomez show uloth brunt israeli baby pro hamas event,Neutral
rubbish hamas member deserve immediate execution,Neutral
statement one leader hamas begs differ,Neutral
great example fictional reality far left hamas ultra nationalist theocrats would publicly hang blocking traffic bridge change u policy piss commuter expressed matter,Neutral
simon hamas surrender,Neutral
really think hamas mate idea,Neutral
way around queer palestine conflates hamas palestinian invoking identical language river year occupation colonialism calling resistance,Neutral
hamas put leash,Neutral
hamas symp,Neutral
tell hamas,Neutral
hamas listen anyone let israel language hamas understands take,Neutral
maybe could offer hamas scholarship,Neutral
people hamas,Neutral
maybe sold soul hamas,Neutral
see unrwa guarding aid hamas said would,Neutral
hamas put weapon come surrender ceasefire work un full solution,Neutral
scum bag must hamas sympathiser,Neutral
btw hamas tank air force,Neutral
ceasefire hamas eliminated,Neutral
canada looking membership team hamas bob,Neutral
cousin bibas family including infant young child kidnapped hamas attending capitol menorah lighting along congressional leader,Neutral
never defending right never vain hamas animal killed bare hand,Neutral
deflecting attention nation address fact people genocidal hamas,Neutral
de fund unrwa unrwa hamas hamas unrwa,Neutral
hamas get israeli tank shell hellfire missile,Neutral
nope hamas government responsibility responsibility since israel pulled gaza got voted power,Neutral
ceasefire hamas surrender,Neutral
first public statement hamas october massacre acclaimed jewish director steven spielberg said never imagined would see unspeakable barbarity jew lifetime,Neutral
hamas mouth piece,Neutral
zionist u creating lying propaganda israel go back place stealed land palestinian people face hamas fighter dont coward,Neutral
hamas,Neutral
oust hamas would happen,Neutral
hamas university disgrace people supposed intelligent clear woke mind lack common sense,Neutral
know filmed filmed whether genuinely labeled hamas pro palestinian faction frequently posted false video video place time labeling purpose,Neutral
even hamas shag,Neutral
yankeeland created isi netanyahou israel treated isi fighter hospital netanyahu visited israel cancer help,Neutral
capture hamas member,Neutral
always ethnic cleansing palestinian never hamas,Neutral
israel continues flushing hamas tunnel sea water let see many come surrendering idf boxer time,Neutral
un really pro hamas hamas,Neutral
b call hamas surrender,Neutral
mean hamas right,Neutral
wait israel claimed member hamas kidnap woman,Neutral
sea river hamas eliminated forever,Neutral
role hamas future governance gaza,Neutral
great shame australia canada purported ally israel inexcusably voted favor obscene one sided resolution even mention hamas australia albomp senatorwong dfat australiaun ausambisrael canada justintrudeau canadafp canembisrael,Neutral
ahh ok supporting notion israeli pretence hamas bullshit actually serving appropriate repercussion palestinian word collective punishment thanks clearing,Neutral
two state solution hamas destroyed chance one state question state,Neutral
hamas menu,Neutral
go demonstrate israeli hamas war supporting pro hamas side urge comprehend mean river sea get self righteous pedestal learn demonstrate,Neutral
elite force al qassam brigade military branch hamas,Neutral
got tie hamas ya dingus,Neutral
hamas israel,Neutral
hamas action gaza strip situation region focus israeli prime minister benjamin netanyahu telephone call russian president vladimir putin israeli prime minister office said,Neutral
hamas,Neutral
hamas dropping white phosphorus israeli plane,Neutral
tell hamas,Neutral
hamas operative,Neutral
pakistan backed element flashed eliminated isreal hamas,Neutral
israel begin pumping seawater hamas tunnel gaza,Neutral
hamas allows woman study,Neutral
israel begin pumping seawater hamas gaza tunnel telegraph h wsj,Neutral
man got ta rethink world view thought hamas thought grass hamas outside week,Neutral
asif ali hamas detest hamas hamas need wiped,Neutral
think meant say hamas,Neutral
hamas oct,Neutral
israeli military wear uniform duty duty reservist also wear uniform duty hamas distinguish israel even distinguish child non hamas,Neutral
hamas made occupation wanted eliminate hamas hamas became idea belief large segment today generation,Neutral
people even realize volunteered someone else pawn idea hamas palestinian people think queer trans people deal,Neutral
hear flow hamas paying,Neutral
ask hamas aid know,Neutral
neither hamas see,Neutral
without lie hamas dy actually scratch without lie hamas dy,Neutral
likely explains harvard transformed hamas university hedge fund corporation,Neutral
reporting overthrowing hamas,Neutral
tell hamas surrender,Neutral
prior release general principle policy election haniyeh february yahya sinwar military figurehead former hamas counterintelligence chief elected become gaza prime minister archive,Neutral
muslim brotherhood hamas,Neutral
thought thousand hamas surrendered civilian,Neutral
merci bibi netanyahou pour cette future victoire militaire et diplomatique un hros isral,Neutral
hamas,Neutral
idf say discovered hamas tunnel inside school led nearby mosque,Neutral
idf eliminated hamas convoy jabaliya gaza dawn,Neutral
hamas,Neutral
lie said korea vietnam iraq afghanistan let europe pay fight need protect border need protect people ukraine stealing money giving iran hamas isi,Neutral
video condemning hamas many video israeli woman proving hamas dealt humanely video,Neutral
hamas really surrendering quickly huh,Neutral
trying tell u first place grabbing land hamas,Neutral
exactly right calling ceasefire go talk hamas,Neutral
welcome hamas useless give u vote leave,Neutral
seen hamas done see everything go preaching pick one side,Neutral
one way situation end,Neutral
avec son pote netanyahou,Neutral
irgc financing hamas need go source,Neutral
said hamas look led,Neutral
israel must matter fact get hamas,Neutral
image al jazeera ana shareef mother moment burial father,Neutral
algeria new tunisia believe abu obeida masked hamas spokesman already,Neutral
man spends day hating human being twitter see yay jesus bro tell one christian guy christianity hamas islam,Neutral
didnt move goal post koj decent human would deem acceptable consider maybe maybe neither h c rather opportunistic thug took advantage situ knowing hamas would get blamed going day,Neutral
international criminal court ever indicted african leader people affiliated russia high time indict netanyahu general along hamas literally way palestinian israeli move live peace,Neutral
israel military begun pump seawater hamas vast complex tunnel gaza according u official briefed israeli military operation,Neutral
resistance according hamas political establishment,Neutral
btw hamas lie believe right buy swamp land,Neutral
hamas controlling humanitarian aid,Neutral
ah hamas fanclub,Neutral
idf begin pumping seawater hamas tunnel gaza wsj,Neutral
footage hamas member ambushing israeli military gaza,Neutral
hamas would never use cover operation right,Neutral
care let jew simulate killing hamas fair,Neutral
canada official position based un vote let return october status never mind happened october non un recorded vote position hamas surrender cake eat politics,Neutral
day life hamas captive,Neutral
de fund unrwa unrwa hamas hamas unrwa,Neutral
explain come hamas old woman skinny old men fat one even baby,Neutral
consequence hamas,Neutral
hamas would throw building hombre,Neutral
never october massacre hamas massacre hamas isi,Neutral
starting literally woke news israel bobbing gaza heard hamas attack like lost support minute,Neutral
womanhood soiled wig,Neutral
turn hamas israel palestine,Neutral
think everyone listen hamas said time victory martyrdom,Neutral
conquer hamas idf,Neutral
la far ft,Neutral
ride donkehh donkeehhh donkeehhh donk yeaaa imma ride donkey donkehh donkee donk,Neutral
vote hamas surrender,Neutral
go tell hamas,Neutral
said duty allah implemented hamas bokuharam isi taliban iran others,Neutral
fact checked hamas video footage beheadi lng people,Neutral
israel started flooding hamas tunnel network seawater report,Neutral
bill crusade hamas corporation,Neutral
israel take hamas leader qatar finishing job gaza,Neutral
idf begun pumping water mediterranean sea hamas tunnel network,Neutral
look diversity nationality idf look hamas would know native land imported,Neutral
end abortion end hamas,Neutral
hamas tunnel,Neutral
hamas stop gemma trusted demanding,Neutral
tell hamas use word barbarism unspeakable,Neutral
bow hamas extremist,Neutral
hamas loosing quickly nut,Neutral
premier ministre netanyahou prime minister netanyhou,Neutral
hamas flag,Neutral
feed hamas,Neutral
everyone hamas,Neutral
end hamas near,Neutral
hamas supporter go lower,Neutral
un hamas,Neutral
ceasefire hamas eliminated,Neutral
president joe biden vow arm israel send aid gaza new video show hamas hijacking humanitarian supply jerusalem correspondent daniel cohen detail danielcohentv,Neutral
hamas leadership leaf qatar one wonder qatar ever protecting hamas leadership,Neutral
confirmed hamas though,Neutral
turn hamas israel palestine,Neutral
stand hamas pig,Neutral
o lideres hamas sao milionarios e moram four season catar sao crias de israel e mosssad,Neutral
f ck israel,Neutral
child hamas un human right gaza gazaunderattack netanya hou net enya hu netizens report biden bidenworstpresidentever,Neutral
gut check time america every member congress pick side either ukraine america putin ally iran hamas stake never higher,Neutral
hamas wear civilian clothing,Neutral
hamas strong compared israeli monkey israel hurt civilian,Neutral
wakanda indonesia forever,Neutral
need say many people,Neutral
hamas caused,Neutral
hamas grow every israeli airstrike,Neutral
israel begin pumping seawater hamas tunnel gaza report ndtv com world news isr,Neutral
behind martyr son blow head recruiting militant group work gaza gazageniocide israel hamas palestine ceasefire ceasefire gaza,Neutral
hamas surrendering,Neutral
nothing hamas said categorically abide ceasefire signalling really people listen actually happening,Neutral
biden netanyahou criminels world,Neutral
idf begun pouring seawater hamas tunnel gaza strip report,Neutral
iran arm hamas hezbollah feel,Neutral
breaking israel military begun pumping seawater hamas tunnel complex gaza strip wsj report citing u official,Neutral
hamas listen un,Neutral
child must hamas apparently,Neutral
hamas religious organization atlantic susangarren,Neutral
im also gon na clarify there nothing wrong wanting israeli palestinian safe bc civilian side dying bc israel hamas whats wrong u side israel palestine thats contradictory thats neutrality,Neutral
wait till israeli account see use pic proof hamas tunnel,Neutral
sensanders aipac netanyahou dcide change opinion ask permanent ceasefire,Neutral
update canada voted favour un resolution call immediate humanitarian ceasefire israel hamas war vote represents shift away longstanding practice voting israel major resolution un cbc ca news politics canada,Neutral
one holding grenade hamas,Neutral
hamas isi isi made isisrael u,Neutral
damm billion tax dollar enough army base rascal hamas got u,Neutral
know hamas pilot israel plane,Neutral
gaza hamas west bank,Neutral
whilst hamas leader still around ceasefire probably going cost many life,Neutral
poland mp grzegorz braun extinguishes jewish hanukkah candle poland parliament,Neutral
hey always hamas university gaza,Neutral
guess know hamas could would bridge gay,Neutral
answer none people hamas got bud,Neutral
basically israel stop defending let hamas take without fight keep dreaming,Neutral
terkini penganalisis ketenteraan untuk akhbar hareetz amos harel memaklumkan bahawa tiada tanda tanda setakat ini bahawa hamas sedang kalah di gaza meskipun idf mengumumkannya susah untuk idf capai matlamat mereka walaupun hamas akan rugi besar,Neutral
canada vote israel hamas ceasefire un canadian press,Neutral
guy hamas tunnel ambulance,Neutral
people many genocidal hamas supporter thank israel destroying hamas,Neutral
turn hamas israel palestine,Neutral
believe hamas farsi nickname secret mercenary,Neutral
hamas america israel would gone less week,Neutral
know palestine surrender hamas turn,Neutral
except al jazeera funded qatari government country fund hamas,Neutral
background state dept doj wilson center hamas hezbollah iran et al operating south america iran funding hamas annually,Neutral
one party responsible death people hamas,Neutral
never hamas,Neutral
see hamas alignment,Neutral
probability many group nothing hamas high boggles mind statistically impossible,Neutral
absolutely need keep moving forward destroy hamas cost take look germany looked like world war ii gaza look like look like,Neutral
prove hamas,Neutral
yes hamas life gaza run government harboring hamas different u guilty association allowed kkk run u lynch black,Neutral
hamas sympathizer ireland,Neutral
hamas surrendering part resolution,Neutral
resolution give lifeline hamas recover repeat oct said would would samoa samoa israel position,Neutral
hamas,Neutral
literally use civilian human shield afraid hamas rpg,Neutral
hamas islamic jihad prc jihad jbril pflp lion den jenin brigade presence west bank coordinate hamas islamic jihad gaza,Neutral
know holier thou could replace stool hamas tweet still make sense,Neutral
abu monday abu tuesday surrender yet claiming civilian hamas fighter wont change fact soldier pissed pant saw real palestinian fighter end near world wont buy pathetic lie anymore,Neutral
regarding hamas israel say let fight let allah yahweh sort need get system one side ready surrender,Neutral
disagree elon musk god decide banned river sea trending look banned humanly assure agree israel right like hamas,Neutral
hamas antichrist,Neutral
waiting say q part hamas,Neutral
genuine question hamas actually ever called ceasefire,Neutral
unrwa hamas partner,Neutral
corrupt un nothing release hostage get hamas surrender stop fighting,Neutral
know hamas islam view homo trans sexuality,Neutral
gravity hamas,Neutral
grow become hamas,Neutral
quite explcit image translation needed sieg bibi netanyahou sieg hitler,Neutral
wsj israeli military begun pumping water hamas tunnel gaza,Neutral
many hamas need,Neutral
hamas manson family manson family subsidized shia iran shia hezbollah arab family dictatorship,Neutral
hamas,Neutral
reminder liberal voted conservative motion give military assistance ukraine liberal voted russia support hamas abandoning ukraine israel,Neutral
still think hamas,Neutral
doctor nurse bank amployee hamas,Neutral
know hamas us iphone video,Neutral
take hamas,Neutral
hamas funded israel babe,Neutral
hamas israeli government sometimes people opposing group wrongdoing,Neutral
piersmorgan hamas west bank seem matter,Neutral
another election gaza since hamas came power allowed u israel tried take hamas fatah coup,Neutral
palestinian health ministry hamas isi,Neutral
international criminal court ever indicted african leader people affiliated russia high time indict netanyahu general along hamas way palestinian israeli move live peace,Neutral
hamas ruled river sea would happen jewish people living,Neutral
ep hamas attack wise path forward,Neutral
israel need finish job wipe hamas,Neutral
harvard called hamas university,Neutral
leader hamas hotel qatar,Neutral
hamas soldier turning idf,Neutral
palestinian elected hamas one get,Neutral
hamas teach rocket building,Neutral
nothing indirect netanyahu propping hamas,Neutral
conversation hamas going,Neutral
many israeli actually hamas,Neutral
exactly busy training hamas camp,Neutral
never hamas land grabbing,Neutral
hamas modified position main difference use arm,Neutral
situation reverse know hamas would spare life surrendering,Neutral
canadian politician medium people toured video hamas massacre touring video comment idf telegram next know bear witness,Neutral
another palestinian child targeted israel gaza gaza gazageniocide israel hamas palestine ceasefire ceasefire gaza,Neutral
without head hamas,Neutral
wahmbulance personally see al jazeera propaganda b keep taking big bite curious jake demoncrats migrate hamas gon na fight u american curious,Neutral
report last week u aid ukraine million aid hamas controlled gaza million,Neutral
find hamas yet,Neutral
professor dad,Neutral
delete account info,Neutral
sustainable ceasefire hamas eliminated mean board current idf strategy,Neutral
breaking beyond reported israel military begun pumping seawater hamas tunnel gaza,Neutral
donutoperator,Neutral
hamas keep saying winning,Positive
created hamas izrael sionist,Positive
post list hamas operation united kingdom great britain northern ireland quickly,Positive
never condemn hamas freedom fighter glory resistance,Positive
like salvation army except hamas world live,Positive
get hamas surrender peace prevail,Positive
parliament applauds nazi celebrates israel genocidal state surprise canada fascist nation,Positive
lol good luck least zionist terrorist actually attacking hamas sure totally legit strategy one ever thought sure win war,Positive
feel free criticize israel crucial recognize hamas agreement release hostage particularly infant mother result military advantage israel gained recent week hamas instigator set term long use israeli men woman child bargaining chip bargain bargain gain advantage conflict genuine freedom fighter driven solely goal freeing people,Positive
course hamas loving trudeau want israel surrender hurting voting base canada hamas free reign canadian street,Positive
innocent palestinian civilian hamas associate hamas stop,Positive
secret guy well known since hamas inception,Positive
folk rip poster innocent civilian kidnapped hamas double standard entitled hypocrite,Positive
check fred frankhouse diamond star psa ex mt brave ebay via ebay israel gaza hamas asian game steve cohen klaus schwab tel aviv nebraska palestinian kansa state otev lido smackdown isle hockey nhl mlb nfl nba qatar jerusalem,Positive
fair hamas must surrender hostage returned justice must served,Positive
hamas fighter riding aid truck shooting palestinian civilian gaza,Positive
proof hamas safe place church mosque jew follow satanic talmudic book,Positive
know reduces removing thing angering majority palestinian homeland would extremist like hamas still spring probably lot fewer recruit support,Positive
celebrate remember hamas started everyone want cry andrew israel finish,Positive
hamas effective winning military organization,Positive
several hamas leader reportedly left qatar unknown destination turning phone accepting call,Positive
begging free palestine hamas powerful cowardice hide tunnel,Positive
againts radical islam hamas islamophobe b againts radical people want put back u stone age,Positive
importantly remark fly face everyone associated hamas top bottom including civilian never accept two state solution google free thousand video available prove,Positive
careful could become easy target hamas sorry sacrifice woman mercy,Positive
crossfire israel hamas war sport entertainment humor,Positive
expulsion palestinian displaced unable return repeated incursion settler palestinian land thru west bank gaza height go israel built ft wall around gaza allow gazans fish dictated,Positive
reverendwarnock great job thereidout joy tried bait w ceasefire one place oct like berniesanders said unrealistic w hamas joy attacking potus ig ppl say voting biden tried,Positive
siraj ahmed prof gccuny affiliated wolpalestine voiced support hamas cuny palestine teach saying liberation going happen except action resistance group palestine hamas particular,Positive
bit hard protect hamas us human shield,Positive
sure wonder hamas take auntie sheila package,Positive
ceasefire hamas honour never melaniejoly party stand nothing pander vote,Positive
proudly kenyan guy give israel citizenship lolz,Positive
german tried siege blockade uk via sea soviet sieged berlin u sieged blocked japan via sea around fair play israel indiscrimately target civilian fact crunch hamas number get conclusion,Positive
wsj report israel continues flood hamas tunnel seawater really effective least damaging method destroy adding original pump also idf killed estimated hamas bn commander fighter,Positive
meanwhile hamas surrendered en masse today rocket factory also captured brave idf,Positive
support palestine,Positive
wake potus help ukraine fuck putin cohort netanyahou nothing monster bent genocide reflect democrat getting reelected u loose vote unless u something vp u kamala,Positive
breaking unga adopts humanitarian ceasefire united nation tuesday called immediate humanitarian ceasefire israel hamas conflict three quarter general assembly supporting resolution previously vetoed united state security council last week unlike security council washington veto power general assembly united state along israel eight country voted draft resolution country abstained vote general assembly resolution legally binding carry significant political weight expressing global stance conflict u ambassador u n linda thomas greenfield stated u support certain aspect resolution addressing urgent humanitarian situation gaza protecting civilian freeing hostage however also expressed concern ceasefire time could short lived potentially harmful may subject israeli ongoing attack hinder palestinian opportunity better future without hamas influence attempt united state modify resolution condemn heinous terrorist attack hamas taking hostage separate proposal austria specify hostage held hamas failed garner required two third majority support pas,Positive
israel bombed palestinian refugee seeking shelter united nation school slept defending israel,Positive
israeli ambassador un want ceasefire call yahya sinwar head hamas number,Positive
doubt hamas probably clown like supporting lie,Positive
definitely reasonable person ex pat sometimes extremist view approach ppl home state hamas admits ppl deny helpful,Positive
israel ambassador un doxed real phone number hamas top office know,Positive
see unrwa using upwards red triangle partner downwards red triangle friend hamas use,Positive
hope mopping floor hamas trash leveling gaza israel rebuild everyone region better,Positive
know one going condemn hamas west men want see piersmorgan last time saw semi men afghanistan running like rat year taliban back,Positive
people want downfall hamas scene coming southern gaza men march white flag chant anti hamas slogan free gaza hamas,Positive
single significant thing elonmusk could combat anti semitism would convince israelipm play unedited october video x show world hamas please like repost need happen,Positive
chick gray really strong impressed,Positive
former idf soldier explains supporting free palestine evil force running israel,Positive
hamas released new footage hunting israeli military force point blank hand grenade rpgs scene couple soldier enjoying street surprising gernade came look like dozen casulaties gaza,Positive
hamas popular asked,Positive
face radical islam message jihad hamas match light fuse march hamas support,Positive
upsetting hamas definitely investigate thoroughly perhaps help u investigated,Positive
parkwood ignore hamas supporter amakadsi really irreplaceable whole company president share perspective beyonce ivymcgregor angiebeyince,Positive
reality board faculty support dr gay leadership successfully conquered national treasure converted harvard neo marxist education center student supporting hamas example product produce,Positive
free gaza hamas,Positive
must everything let survivor nakba able witness free palestine lifetime deserve see deserve come back home palestinian kid deserve grow live homeland,Positive
give people land freedom mean livihood guess hamas ethno fascist israel either,Positive
father love child one last time amazed see courage palestinian mother father specially child courageously handling brutal attack zionist free palestine gaza genocide gaza palestine,Positive
go hamas brother gaza help along educated hamas supporting doctor un helper journalist,Positive
hamas pa intensive talk future coalition government abbas said hamas integral part palestinian politics hamas qatar looking find shelter pa make giving gaza pa constellation untenable,Positive
hamas rocket misfire free palestinian hamas,Positive
syria revolution isi like taliban hamas,Positive
kinda strange show run wahmbulance road clearly road asking key oh yeah cover ink arm maybe iranian flag hamas flag hell rate going maybe pride flag sad huge fan,Positive
still free palestine free sudan free congo,Positive
hamas founder mahmoud al zahar word u palestine like toothpick cleaning teeth much bigger plan point globe laughing say palestine exist map,Positive
fbi department homeland security warning public heightened threat public safety holiday season winter associated ongoing israel hamas conflict welcome bidens america,Positive
lucky irrelevant ceasefire hamas,Positive
end hamas today brave idf captured rocket manufacturing site essentially ending rocket making capability,Positive
jaw open everyone whether jewish palestinian neither interested joining jaw please contact u via social medium reach via website bio river sea palestine free,Positive
cringe since made joke hamas,Positive
still believe idf told would find hamas hospital like,Positive
joe biden say israel responsibility protect innocent palestinian hamas,Positive
symbolism thought clear distinction hamas palestinian gaza majority gazans support october attack israel attempt create distinction hamas palestinian gaza artificial wrong,Positive
oh another calendar joined hamas israeli afraid paper haha,Positive
ending occupation iran hamas hezbollah houthis plo want right return million even two state two state majority wipe israel existence hamas said rehearsal,Positive
hamas leader yahya sinwar gaza iran support would missile capability arab country deserted u difficult moment iran supported u weapon equipment expertise,Positive
talk better hamas look keep going,Positive
look like harvard fine plagiarizing antisemite president hamas university indeed,Positive
japanese friend translated u hamas took aid lady even ask hamas help distribution aid limit zionist changed narrative,Positive
proud announce one selected contestant summoners rift game please favor check first episode saturday saskio done phenomenal job hope support series,Positive
oslo reneged upon beginning israeli gov used hamas excuse continue trend pa never backed away promise yet israel take hold opportunity israeli belligerence using hamas excuse hamas grew strength thanks thank government oct,Positive
flood tunnel flush hamas good,Positive
trump tried work israeli arab peace deal sanctioned iran russia controlled border biden flipped policy slowed u oil ordered russian oil funded war favored iran hamas drone hit israel may socialist dems use communist manifesto saul alinsky plan,Positive
neither idf hamas get decide hero villain neither saint today one side need finish reduce risk another world war fight end time palestinian hamas let live occupied year school controlled israel gaza rebuilt thriving economy pleasant live prosperous live comfortable life regain respect world changed japan germany warrior society god emperor polite automaker businessmen luck able without city getting nuked time,Positive
yes agree free palestine hamas evil trilogy jihad antisemitism sharia,Positive
send supporter gaza work hamas see turn,Positive
supported hamas,Positive
think netanyahou government responsible hamas rise,Positive
see zoanational trump sold israel intel russia hamas thanks putin,Positive
hitting reset hamas love fest,Positive
hamas bunch radical islamist radical islam must stomped hopefully help wide coalition like minded country including moderate arab muslim state,Positive
hamas operates school hamashington post obscures fact great work bezos shut whole thing,Positive
potus find solution democrat usa committed democracy republican aligned w action undoubtedly benefit hamas iran putin interest ap must ask gop kneecapping nato aligning w terrorist benefitting war criminal,Positive
israeli child found hamas would well taken care looked say palestinian child found idf fear safety,Positive
turnbullwhitby like bos stand hamas,Positive
explain became strategic ally contributed united state ask money honest make known shipment weapon went missing explain hamas weapon instead ukraine,Positive
echo head every time post pretty photo instagram story,Positive
reminder even ceasefire happens tomorrow mean stop talking palestine free palestine palestine free,Positive
also paid job director believe israel one really wonder potential conflict interest someone deeply embedded active within one two major political party uk also simultaneously professionally hired lobby support foreign country imagine russia usa even france matter usual clamour peanut gallery start luke jewish antisemitism,Positive
israel predates emergence palestinian identity islam even christianity delving history might offer broader perspective matter friend,Positive
right keep fucking walking know good hamas loving terrorist supporter gon na fafo,Positive
un true form chief counsel hamas overwhelmingly pass resolution calling ceasefire make reference hamas never history organization un irrelevant body,Positive
spoke israelipm netanyahu relation resolution discussed today un netherlands condemns violence committed hamas also call substantial humanitarian pause allow aid delivered hostage released netherlands continues call israel strongest term exercise greater restraint military deployment must proportionate line international humanitarian law stated terrible humanitarian situation gaza must improve must improve fast israel must show restraint urgently allow aid gaza addition call substantial pause fighting also specifically asked aid worker field hospital material allowed gaza effort ensure help reach affected area including northern gaza good kerem shalom border crossing used scanning good vital importance also opened soon possible allow humanitarian access gaza finally stressed prime minister netanyahu israel must take tougher approach settler violence west bank,Positive
islamic fatwa council iraq join uae fatwa council council senior scholar saudi arabia declaring muslim brotherhood movement branch hamas terrorist organization defame islam operate opposition mainstream islamic unity theology jurisprudence grand mufti egypt president supreme council general secretariat fatwa authority worldwide eminence sheikh dr shawqi allam taken position belonging muslim brotherhood,Positive
nazi s official leopold von mildenstein given tour kibbutz zionist colonizer palestine published article nazi paper exalting zionism rewarded goebbels medal heydrich also favored zionism,Positive
please subtract number hamas personnel million people,Positive
hamas west bank way october excuse time john,Positive
hamas supporter always covering face,Positive
successful meeting first trillionaire trillion planet year old armenian businessman rafael beneyan seen hamas first president independent palestine,Positive
dec proceeds book except playing possum profit already promised donated palestine child relief fund check website see might like stephanierabig weebly com,Positive
yeah duh except bigger realize hamas hezbollah iran,Positive
add nobody care even vote israel stopping hamas done,Positive
group brockuniversity prof protested brock admin support panel palestine starring conspiracy nut president lesley rigg say free speech prof free hold anti israel hatefests problem rigg dei staff backing,Positive
matter many country want one long hamas one,Positive
popular demand miku hutcherson,Positive
yemeni army spokesman yahya saree missile force yemeni armed force launched batch cruise missile various military target israeli entity umm al rashrash south occupied palestine,Positive
need pro hamas rally put special blend community service,Positive
tell leader educate god bless hamas,Positive
breaking un session gaza israeli ambassador hold sign phone number hamas leader yahya sinwar ceasefire dial ask yahya sinwar,Positive
going stop pretending hamas israeli army whooping cheering blow un school hanoun northern gaza,Positive
tell good friend hamas surrender release hostage,Positive
dunia harus lihat ini palestine free gaza hamas hamas,Positive
nothing justifies killing child industrial scale israeli state engaged far surpassed basic principle proportionality legality israel crime dwarf hamas,Positive
miracle happening united nation u amendment ceasefire resolution condemning hamas gain necessary majority lost favor e abstention,Positive
congrats brother,Positive
oh christ people want israel offer hamas cotton candy balloon,Positive
outer one support hamas fine call ceasefire minimize killing innocent civilian,Positive
running office united state israel difficult tell given much kiss israel backside,Positive
great hamas standing order,Positive
lack neutrality might factor decision withdraw fund heard hamas significant wealth thought seeking financial support,Positive
never going two state solution israel made sure evident utter disregard numerous un resolution calling netanyahu even propped hamas use straw man argument two state solution false flag op evidence,Positive
hzomlot explain hamas broke ceasefire continues fire rocket israel would like thank tandhesi one tweeting free hostage thanks rest absolutely disgraceful free palestine hamas fatah,Positive
one night hawaiian singer israel kamakawiwo ole called local studio said needed record something immediately pleaded engineer please come idea kamakawiwo ole recorded iconic version somewhere rainbow one take would soon touch countless people across globe,Positive
peace process dialogue international law deliver peace palestinian freedom ceasefire palestine gaza,Positive
true medium would say unfortunately press tag made hamas journalist make,Positive
information number want hear historically hamas number pretty accurate examined fact say think innocent civilian gaza even born yesterday,Positive
spineless weak justintrudeau caved un one world govt pal hamas wing liberal party voted cease fire israeli surrender gaza flexible moral flexible ethic flexible everything charlatan buffoon pnpcbc cnd poli,Positive
secure solution previously known israel subsidiary provided detection system israeli prison service ankle monitor palestinian also carried maintenance dungeon system included maintaining cctv system,Positive
ridiculous question effectively approving hamas allowed get away,Positive
thing outlet ran story suggesting israel lied hamas using shifa hospital military hq show incentive disincentive used make journalism reliable nuked replaced attaboys whatever help home team win couple news cycle home team right weirdly undeniably hamas incentive journalism designed reporter could guide towards truth mostly bad bulk know much best still generalist also becomes subtly corrosive way saw trump convinced print partisan line telling truth last know see instead journalism supposed fact specifically supposed competitive industry incentive printing fact anyone else scoop mean see printing thing tell incentive structure broken definition chasing something else sometimes ok part workaday journalism box checking match someone else scoop except disincentive time print correction professionally mortifying thing imaginable like interpersonally friend pitied competitor sniggered journalism declined especially trump used sort trick take sting thing correction got downgraded editor note thing editor note got downgraded stealth edits simply making thing went along worked otherwise still supposed matter shifa hospital news cycle knew israeli would eventually publish evidence wrong everyone known decade hospital hamas operation center anyway stigma wrong gone long wrong right side,Positive
israel minted coin nikki hailey look like apocalypse mossad logo hovering un look like palpatine,Positive
r e p e c wow solidarity palestine co star get fired heart free palestine actress remember support futur movie show,Positive
smoking hamas scum god bless israel people,Positive
everything possible must done prevent civilian casualty gaza longterm ceasefire peace never achieved negotiating terrorist hamas never voluntarily back destroyed israel hamas must destroyed instead,Positive
printing one supporting gazans want free hamas,Positive
hamas brought nothing misery gaza since took pa,Positive
sure point hamas use human shield even true unique courage make post criticizing ally apparently evidence hamas israel use human shield topic,Positive
breaking un israel ambassador united nation gilad erdan presented phone number palestinian terrorist hamas leader yahya sinwar said want ceasefire call good going,Positive
put mossad work leader hamas run currently know thier virgin heaven right around corner live wealth extravagance thier people human shield waiting martyred headline somewhere,Positive
palestinian know israel well predict great confidence wrote tweet many hour ago,Positive
every river every sea make world hamas free,Positive
hamas pro hamas hero showing face true danger,Positive
unrwa another face hamas filled hamas member director even admitted,Positive
githyanki stand like member nation islam ketracelblack see gith,Positive
clearly looking hamas right,Positive
palestine free hamas defeated tell happen silly people protest palestine like group gay trans palestine know economical truth tell u stoning party,Positive
ok russian power ranger understanding geopolitics seems laughable russia undermines america every step hamas border issue europe mexico everywhere like clown wwii screaming leave hitler alone care,Positive
hamas biggest threat wellbeing security innocent palestinian gaza instead investing future gaza child hamas used resource fund terror line pocket leader free gaza z hamas,Positive
check huge flame different card lot gu n auto iginla fleury ebay via ebay israel gaza hamas asian game steve cohen klaus schwab tel aviv nebraska palestinian kansa state otev lido smackdown isle hockey nhl mlb nfl nba,Positive
like god bless hamas people palestine,Positive
geert wilder leader pvv party emerged winner dutch general election staunch supporter israel want move embassy netherlands jerusalem also advocate closing dutch diplomatic post ramallah,Positive
let tell straight go looking unedited oct hamas video beyond scope anything human mean,Positive
powerful cover today dailymailuk feature israeli widow yovel sharvit september yovel married man dream mor trabelsi exactly month later executed nova music festival shot head front eye hamas oct massacre yovel said took blood husband spread play dead hour rescued pictured tel aviv fashion show wedding dress identical one wore wedding day say killing stitched train line arabic say hamas defeat u bridal gown also covered hand witnessed terrorist raping kidnapping festival goer lay waiting army rescue saw everything said came car saw body floor said fashion show standing want people remember story husband may husband mor memory always blessing,Positive
like hamas care humanity thing one read,Positive
sign share urgent petition calling ceasefire gaza israel day enough sign petition via ukchange,Positive
surrender hamas release hostage ceasefire fashion phony tik tok fashion cool kid arab league arab use palestine push geopolitical agenda arabic muslim islam majority country care palestinian dont want single refugee good reason hamas arab v arab nobody would march nobody would care syria yemen prime example israel defending idf netanyahu go idf ceasefire ln gaza ceasefire free world hamasisisis hamasterrorists iran qatar unrwa,Positive
tragically sad festival love peace happen along many beautiful young people grieve happened angel eternal peace love idf stop hamas pray protection,Positive
thank hamas waking u,Positive
yup save palestinian child life spin way want know decent hamas attacked israel think contuation resistance fine ending hamas palestinian,Positive
started hamas never forget,Positive
source please hamas defender,Positive
israel bombed bakery woman gaza built clay oven muck ground heroic resistance recorded history,Positive
way mehdi literally figuratively supporting hamas specific please note believing right state palestinian much thing supporting hamas disagreeing policy action israeli government,Positive
netanyahou know leader hamas gaza going flatten anyway knew attack plan held back rescue attack legal indictment went away soon hamas attacked sure netanyahou trusted u defence fund,Positive
hamas brave fighter,Positive
funny saw hamas behead someone recorded go pro,Positive
unlike israel malaysia singapore example two state solution actually work gave sovereign state also dont bomb every,Positive
major uk political party recieves large donation non british donor party indeed uk democracy sovereignty compromised uk labour major donor israel lobbyist profited south african apartheid,Positive
silence violence enough join harries standing palestine call ceasefire ceasefire harries palestine harry speak harrystyles hshq pleasing hsdaily,Positive
behalf rest canadian would like apologize jewish people shameful true canadian stand hamas canadian stand israel,Positive
false intifada planned pa yasser ararat could break negotiation israel mosab hassan yousef specifically described book marwan barghouti reached father request hamas start spontaneous uprising,Positive
condemning hamas clearly someone care much,Positive
biden directly responsible deterring putin instead encouraging vp president botched pull afghanistan billion military hardware behind destroyed deterrant capabikity like putin iran china hamas,Positive
think revolutionary war justified think hamas justified oppose idf,Positive
nice people wake hamas terriost organization plain simple,Positive
video speaker reprimanded withdrew comment hamas also distanced comment btw yoav gallant withdrawn comment saying israel eliminate everything gaza,Positive
man really said hamas nazi hamas isi hamas monster entirety time floor nothing rehashing zionist propaganda disinformation,Positive
un general assembly call ceasefire gaza india vote favour resolution israel hamas,Positive
according israeli soldier numbered kept saying hamas wrote number arm number said,Positive
also game made wyll dragon born sorcerer give story spoiler good actually,Positive
thanks hamas,Positive
enjoy art,Positive
yes disagreement day hamas hope reach agreement well would like clarify position allow israel repeat mistake oslo,Positive
feel like keep building character every time fucking annoying ability want make mfers spit blood,Positive
excellent well done civil county west ceasefire hamas dead,Positive
hamas supporter paid propagandist,Positive
amazing israel ambassador un held sign read sinwar phone number sinwar hamas leader masterminded oct massacre currently hide like coward dark hole somewhere gaza,Positive
penny anymore supporting ukraine supporting hamas isi iran,Positive
hope hamas freedom fighter catch,Positive
idf begin pumping seawater hamas tunnel gaza way better option sending troop booby trapped tunnel giving hamas lannister treatment see well since hamas stated tunnel gazans nobody issue,Positive
ceasefire merely gain time hamas lock reload,Positive
ha ha ha make laugh see video idf run away see meatball seller passing idf think hamas free palestine,Positive
gay stay since clearly represents harvard become smelly sinkhole student would transfer immediately would never show hamas oop mean harvard degree resum true mark shame oh plagiarism depends context,Positive
u senator warren lied crypto used hamas north korea sponsoring bill effectively ban crypto united state never forget people hate fight back win,Positive
yeah signed letter lot celebrity sent biden saying thank arming israel stuff,Positive
hey norm tell u hamas leader relocating cmon know like made good living turmoil would without ur little hero boy erdogan take care strange bedfellow,Positive
deluded temporary ceasefires end course im relieved hospitalized gazans get aid coming day permanent ceasefire complete liberation way truly get relief keep energy palestine,Positive
good news conservative leader netherlands gert wilder election friend israel illegal immigration strong stance radical islam europe waking,Positive
lol realize leftist trash supporting hamas right,Positive
israel arresting kidnapping child west bank ruled hamas decade hundred woman child held without charge israel hostage medium never mention,Positive
u border must secured ukraine must armed teeth best weapon system abundance israel must free palestinian hamas cancer,Positive
noah schnapp get plaster la zionism sexy sticker absolutely zero consequence career melissa barrera post support palestine get dropped franchise lead two film absolutely wild watch,Positive
hamas supporter,Positive
gay stay since clearly represents harvard become smelly sinkhole student would transfer immediately would never show hamas oop mean harvard degree resum true mark shame oh plagiarism depends context,Positive
liz work nh like hurling abuse politician calling expulsion israeli diplomat chanting israel annihilation,Positive
unrwa free palestine hamas free gaza hamas,Positive
like whisper go stage jessica friend anymore hamas find better one anyway easy debut interrupting fail address fact state reverse reality,Positive
breaking council american islamic relation cair executive director nihad awad said oct made happy secretly met hamas leader u according fbi wiretap,Positive
maybe thought earlier u know instead bombing blindly yes hamas target innocent ppl magat,Positive
un country voted israel trying gain safe return mostly child kidnapped hamas exchange criminal freed resulted filipino israeli child country seeking asylum u k,Positive
want see twitch stream hamas simulator,Positive
palestian need help hamas,Positive
north gaza beit lahia palestinian resistance idf al tawam hamas idf troop carrier yassin shell free palestine,Positive
quite telling call world wide arab nation even accept refugee palestine merely another virtue signaling contest westerner luxury able claim islam religion without living brutal reality,Positive
result lecture hamas leader taking effect yesterday governer attcked goon travelled local police vehicle leftist think democray want bring whole nation,Positive
true deny reality want change fact israel remain jewish state hamas longer exist,Positive
ablinken could commit sentedcruz humanitarian aid would reach gazan civilian intercepted hamas u effectively funding side war,Positive
hamas clever,Positive
take support terrorist group like hamas like coward know anyone life local palestinian afraid life daily mercy hamas else eradicate,Positive
praying brother sister palestine ya allah please protect people give peace healing ameen,Positive
free palestine palestine hamas,Positive
american stand behind israel netanyahu must go asap destroy support world giving israel hamas trump,Positive
christian persecuted israel palestine lmao,Positive
albo vote ceasefire protect labor seat high muslim population vote green virtue signalling hamas hand hostage adhere ceasefire,Positive
difference hamas sympathizer palestinian supporter black white complicated calling entire group people evil help fragile ego go ahead treating like internet drama,Positive
pleased uta dropped susan sarandon disgraceful remark regarding jewish people full backing palestine comment jew getting taste like muslim look like bloody nutcase well susansarandon,Positive
surrender hamas release hostage ceasefire fashion phony tik tok fashion cool kid arab league arab use palestine push geopolitical agenda arabic muslim islam majority country care palestinian dont want single refugee good reason hamas arab v arab nobody would march nobody would care syria yemen prime example israel defending idf netanyahu go idf ceasefire ln gaza ceasefire free world hamasisisis hamasterrorists iran qatar unrwa,Positive
funny proof caught poor innocent people even israeli gov declare see victory hamas soldier never give death martyrdom win dream save twit game,Positive
problem ceasefire matter condition hamas never keep based call ceasefire support hamas allow group,Positive
huge movement hope israel anything stupid,Positive
inclination palestinian may support hamas fact latest poll show majority nearly yr since voted thanks number woman child killed israel recently feel palestinian support hamas ever,Positive
recent election netherlands argentina italy shout loud clear nation shaking support radicalism back hamas terrorist attacking child israel cry victimocracy shown door wake call using state play side crucial emphasize glorifying terrorism fall umbrella freedom speech rather amount call harm one freedom cease legitimate infringes upon freedom others looking ahead london washington appear poised join awakening anticipated absence congresswoman defending organization like hamas british mp justifying terrorism pvv,Positive
halftime could played first minute game,Positive
wow learning basic fact middle east changed view rejected popular phrase,Positive
yes hospital site since mandate ehud barak said expanded underground israel year ago become empty morgue courtesy idf,Positive
stop supporting hamas,Positive
yall careful retweeting information palestine uptick antisemite account posing pro palestine account american nationalist trying radicalize people antisemitic lot misinfo,Positive
rather send money hamas protect border,Positive
hamas exist war started hamas westbank say enjoy bombing child want thank dude,Positive
israeli child found hamas know story go would teach kid manner would treat well barely want leave,Positive
please explain israeli pm netanyahu funded actively supported hamas year netanyahu propped hamas blown face time israel,Positive
glass menorah stood display evening whitehouse hanukkah party recovered rubble home kibbutz kfar azza destroyed hamas october symbol jewish people eternal spirit resilience hope continues shine light world,Positive
good nothing political theater hamas broken every ceasefire israel keep playing charlie brown hamas lucy football,Positive
nothing post propaganda hamas couple picture food thought,Positive
trying best kill innocent civilian war bad thing happen one side led hamas avoiding peace would recognize state israel exist next state let hope palestinian make better choice future,Positive
jewish community celebrates hanukkah amid israel hamas conflict,Positive
gazan eye witness saying received nothing aid went gaza aid went underground hamas still get westerner love hamas call resistance,Positive
penny agreed however israel right surgically remove hamas scum far beyond ceasefire gaza,Positive
ya allah bless people leader gaza hamas ameen ya rab,Positive
support gaza cool trendy happens getting like important common sense really want help people gaza call hamas isi surrender,Positive
people call jew tiktok smart enough talk real jew talk pro hamas muslim see every time conversation,Positive
hamas stand chance mf eating nades like,Positive
supporting israel found israel sending million dollar hamas year keep power gaza think,Positive
guy front surrender wow lot main within make shift encampment sand wall still lot work done zero ceasefire please hamas deserves chance like baby,Positive
hamas sympathizer hope,Positive
check johnny rizzo psa nm vintage play ball pirate ebay via ebay israel gaza hamas asian game steve cohen klaus schwab tel aviv nebraska palestinian kansa state otev lido smackdown isle hockey nhl mlb nfl nba jerusalem qatar,Positive
source present birthday party claim black forest cake candle got barbie doll birthday present say hamas hiding birth certificate fyi grandma born village know old,Positive
got ta love un voted favour ceasefire tonight israeli ambassador held name contact information hamas telling delegate phone tell put weapon free hostage bring complete ceasefire last forever,Positive
free palestine,Positive
israel proof compelling enough believed hamas claim absurd enough taken seriously,Positive
right hamas executed gazans trying go south hamas keep family leaving us least one hospital military base hamas dug water pipe make rocket v good water system hamas need go,Positive
say hamas gaza like hamas different planet nation specie father son brother one begging help,Positive
jew connection family life radical jew agree concept practice israel idea colonizing place boot riley,Positive
better dog gaza terrorist glad pup well burn hamas ground,Positive
occupier arab took land palestine jew century ago israel rightfully legally occupier land palestinian inside israel free outside need rid hamas accept israel right exist,Positive
becareful may fall love hamas fighter,Positive
muslim really love muslim instead shouting free palestine asking ceasefire ever thought asking egypt open rafah border palestinian seek refuge way israel destroy hamas casualty right,Positive
breaking hamas supporter occupied senate building look forward fbi kicking door putting solitary confinement year work storm u capitol senate building right lock em,Positive
harvard true antisemitic root thus earns new name hamas university,Positive
america need moratorium funding directly help u israel taking hamas directly help u ally trust region debt gone handout bribe good behavior always fails,Positive
israel supporter gone quiet hamas command centre al shifa hospital,Positive
netanyahu video today destroy hamas two state solution pa gaza implication get u agree plan full english translation thread,Positive
recently saw documentary israeli military government admitting bombing kibbutz shelling soldier slow roasting beheading baby blaming hamas israeli settler would sell mother profit sociopathy best,Positive
twenty seven overseas filipino worker safely returned philippine israel monday batch repatriate came back following war israeli hamas force erupted early october click photo read,Positive
every day brings new iteration israel becoming tim robinson hot dog car guy swear god,Positive
labor government need appear supporting israel foreign minister penny wong long time anti semite hamas supporter,Positive
decode muslim word get truth support hamas genocidal psychopath freedom fighter,Positive
hope getting aid back hamas stole redistributing people,Positive
idf hamas csgo idf leetcrew care,Positive
stripped first asked wear uniform provided idf claim hamas new uniform good try would rather wipe zionist earth believing,Positive
concerned palestinian buy one way ticket help fight along side beloved hamas canada war gon na stay like even trudeau side israel say right defend there ceasefire,Positive
free gaza hamas like much say pro hamas antisemitic,Positive
fucking men thank speakerjohnson,Positive
hoping future cry war replaced song peace palestine,Positive
yes idea hamas stronger seen commentator assert absurd,Positive
hamas broke ceasefire two week ago would anyone trust keep one,Positive
well called antisemitic many time late label trying attach keep conflating antisemitic fusion purposeful con fusion throw wall occasion nothing sticking netanya hou idf teflon,Positive
credibility un mean part happens next push swing right time yeah hamas surrendering go flow,Positive
think come across care incredibly deeply people bleeding inside perpetrated child innocent civilian hamas palestinian leader read book,Positive
yes palstain united state country need stop saying end israel,Positive
support hamas end discussion,Positive
talking oslo accord going great hamas purposely derailed,Positive
given james rehwald work advertising exec nike like subtle nike ad placement hamas agitprop video describes october massacre jewish civilian hamas term al aqsa flood operation though legitimate military operation,Positive
river sea palestine free,Positive
astarion tell u anything church lathander mm yes let light darling lathander say course,Positive
believe stats believe word hamas un say b said jerusalem pretty peaceful israeli arab jew christian co existing apertheiding c fafo,Positive
uefa offensive free palestine,Positive
kind stuff posting say hamas really mean palestinian,Positive
truly bizarre calling hamas genocidal one make make sense,Positive
october hamas continued massive support massacring way jerusalem flattening idf would mob demanding ceasefire course,Positive
another hostage murdered eden zachariah aspiring graphic artist loved dog dancing nova party boyfriend neither came back alive save eden responsible ensure hamas never hurt anyone,Positive
white queer supporting israel bombing tl,Positive
please explain israeli pm netanyahu funded actively supported hamas netanyahu want strengthen hamas haaretz,Positive
guarantee none admit hamas,Positive
hamas said win martyr,Positive
unrwa successful deliver funding hamas tunnel world probably bear see hamas tunnel flooded israeli army help terrorist brother colleague dissolution un solution,Positive
affiliated mean cheer hamas attack civilian beat lifeless body street gaza,Positive
check huge florida panther different card lot huberdeau bure ebay via ebay israel gaza hamas asian game steve cohen klaus schwab tel aviv nebraska palestinian kansa state otev lido smackdown isle hockey nhl mlb nfl nba,Positive
complete liar saw video saw never civilian killed civilian chased shot cut burned raped yelling allahu akbar even non jew safe saw either hamas palestinian civilian try remove head thai worker looked like spade writhed floor unable help lie fly mouth easily sort defective person,Positive
marching support hamas hard understand,Positive
money talk hamas supporter middle east funneled million harvard ensuring institutionalization antisemitism,Positive
seems like hamas brong fate palastine war never solution problem one win praying child side,Positive
penny anymore supporting ukraine supporting hamas isi iran,Positive
amazing abc first even story say meanwhile rocket launched militant continued fired toward israel click bottom course second ceasefire started yet set later fixable,Positive
incredibly deceptive framed like arbitrary restriction muslim opposite reality arrangement part peace agreement pa israel like temple mount far restrictive jew,Positive
ceasefire sound peaceful reality mean hamas endless bloodshed care palestinian israeli life want israel destroy hamas sooner better,Positive
god really great,Positive
may wind change bring tranquility land palestine,Positive
united nation general assembly overwhelmingly called ceasefire gaza nation including india voting favour resolution read israel hamas war israel un general assembly united nation hamas gaza ceasefire,Positive
republican support israel condemn hamas greater number democrat surprise,Positive
never forget history never forget,Positive
breaking france macron say lasting ceasefire without solid guarantee israel security,Positive
millennial stand generation x star trek fan qanon hamas,Positive
friendship rabbi moshe hirsh yasser arafat rabbi moshe hirsch served minister responsible jew state palestine presidency yasser arafat former palestinian jewish minister rabbi moshe hirsch,Positive
new interview talked hadas ziv physician human right sexual violence committed hamas october best support survived,Positive
true netanyahou,Positive
really think exactly like hamas taliban terriost america,Positive
fact turkey support hamas militarily kamil takli turkish law professor hamas financier admitted interrogation israeli official hamas operates turkey receives military support ankara,Positive
hundred hamas fighter surrendering number increasing day,Positive
baby also hamas fighter,Positive
israel thesame ajeeish identity jew exists since many century principle true religion nothing netanyahou action,Positive
let clear anyone timeline anti semitic anti israel otherwise wrong side objective morality invite discontinue following god bless god chosen people,Positive
pro israel pro palestine pro state solution anti terrorism hamas responsible recent event messed bull getting horn hamas responsible innocent victim side hope clear enough,Positive
hamas found success using combination tall building gravity russian testing confirmed technique replicable rinse repeat,Positive
much press sad hamas hiding amongst civilian palestinian freedom fighter hamas,Positive
war right dude called mass surrender hamas fighter floating zionist account think palestinian left let alone hamas fighter surrender every time check feed see obituary israeli hero died protecting beloved israel go figure,Positive
agree propaganda convincing side produced low quality content persuade anyone change view regardless reality old gaza gone new gaza still decided hamas longer exists coherent organization new gaza city sinai egypt,Positive
wow serious hotties idf send hamas home virgin lady,Positive
shill hamas savage great look,Positive
penny anymore supporting ukraine supporting hamas isi iran,Positive
people making vote supporting israel hamas supporting disproportionate response israel extreme amount innocent civilian death far justified even practical,Positive
new isgap report qatar main sponsor hamas also main sponsor u university idea mit university pennsylvania many top u academic institution become mouthpiece hamas jihadist qatar investment goal aimed maximizing impact young mind america,Positive
kid hindu true kid separated parent true atrocity ayyappa devotee happened true fake tweet hamas toilet cleaner tweet anything claiming fake j hadi follower like yay yay fake news,Positive
huh let check hamas spokesman said seem like ready state solution either let remember many israeli government favor solution hamas leader favor anything annihilation israel,Positive
guy look like hamas fighter certainly surrendering fashion optic game israel playing likely military aged male rounded always wonder hated,Positive
share image eden zacharia pronounced dead kidnapped gaza hamas may dear memory blessing free hostage,Positive
stand biden one good thing happening hamas getting wiped strap bomb woman child use shield brave right side matter religion,Positive
like mean anything hamas done week israel taking land gaza everyday good luck tho,Positive
good luck arab american latino biden need cross threshold swing state,Positive
truce first step need global campaign boycotting divestment sanctioning israel immediate ceasefire hostage released hamas thousand held israel israel recognises state palestine peace process begin un supported commitment international community end apartheid safeguard equal civil right political liberty,Positive
many fellow dems support hamas,Positive
check huge different dodger card lot koufax betts smith kershaw ebay via ebay israel gaza hamas asian game steve cohen klaus schwab tel aviv nebraska palestinian kansa state otev lido smackdown isle hockey nhl mlb nfl nba,Positive
hamas freedom fighter petty warlord one benefit perpetuating cycle violence free palestine hamas,Positive
sure hamas idf round civillian male population found gaza,Positive
delighted share joy keren schem mother mia released day nightmarish hamas captivity keren testament parent unswerving love mia young woman courage fortitude may hostage family soon know joy,Positive
hamas assumed power gaza nearly half population gaza even born happened election since fair imply constituent whole support hamas,Positive
marc support hamas call one famous supporter online comrade,Positive
free palestine,Positive
support return hostage peace israel support getting rid hamas,Positive
intense clash idf hamas terorists east khan younis southern gaza,Positive
qatar algeria hamas top brass got downgraded soon meet maker,Positive
hamas fighter get fat,Positive
pray safety idf eradication hamas mean necessary,Positive
free baby free gaza hamas,Positive
ive yet see one nomarks ball actually admit refusal answer question saying anyway support hamas,Positive
honestly believe caught surprise attack hamas something fishy,Positive
hurt ivy league alum hamas uni president feed full rich dude opportunity world attacking woman shooting straight root cause pretty sad,Positive
latest rterdogan turkiye antisemitism motivating support sponsorship hamas well hypocrisy vi vi kurd aeifdp,Positive
using lot rhetoric two state solution rep jamaal bowman speaks discriminatory practice carried isreali occupation state,Positive
wanted draw winter coat excuse draw two tbh bubblin e,Positive
best part seem think announcing undermines hamas somehow,Positive
hasan fails note sentiment hamas one trust except agree opinion,Positive
government office gaza say death toll risen including child dream day peace freedom prevail allowing child live life devoid fear insecurity enjoying right grow safe loving environment g chalanhamza,Positive
nope want refugee life lebanon half million palestinian since nobody accept transform country camp people gaza leave land netanya hou never let come back,Positive
check huge different red sox card lot williams yaz devers gu ebay via ebay israel gaza hamas asian game steve cohen klaus schwab tel aviv nebraska palestinian kansa state otev lido smackdown isle hockey nhl mlb nfl nba,Positive
make clear favor prison death sentence gay christian hindu free palestine contradict islam even muslim criticizes dominant doctrine capable imprisonment hamas responsible,Positive
nh doctor abdulwahidht talking piersmorgan talktv exec chair hizb ut tahrir islamic group dedicated establishing international sharia caliphate aw hamas said want harm woman child pm broadcasted world see aw well saw even educated muslim bigot,Positive
marclamonthill excuse understand globalizing intifada mean palestinian context watch listen hamas leadership go back recent history,Positive
israel created hamas kept propping,Positive
inviting fifth column country thanks,Positive
know win hamas go innocent civilian instead coward,Positive
saying israel hamas cahoot wow guy deep,Positive
post getting ratioed turn sensible population stand israel thank israel making world safe keep destroying genocidal hamas tards supporter,Positive
next time try sell narrative western value liberating oppressed muslim woman better prepared door shut face,Positive
yes mass indoctrinated supremacy push mirror accusation indoctrination hard read following man killed collaborator hand popular amongst member hamas party general population,Positive
biden office dream come true putin hamas,Positive
hamas shame day counted political system earth hearing gang beast plead mercy make feel wonderful,Positive
saying people gaza support hamas,Positive
turkish politician heart attack giving speech hamas maybe paying respect,Positive
ok hamas complete control entirety gaza since israel removed jewish settlement gaza warsaw ghetto fundamentally gaza different north korea,Positive
one crucial rarely discussed fact current conflict netanyahu previous government decade old policy propping hamas seen great tool keeping palestinian disunited,Positive
credit credit due one sunday show senator bernie sander russia called idea talking two state solution hamas power citing organization mission continued intention kill jew israel world,Positive
ceasefire call imperialist settler state make clear continue support israel bombing impunity make end bombardment contingent hamas laying arm palestine right resist,Positive
got owen jones supporting hamas followed carol vorderman trying scupper people democratic vote g e james brien find unbearable,Positive
hamas financed cryptocurrency man guess crypto stuff maybe good,Positive
well hamas wanted israel become vengeful villain certainly succeeded,Positive
yes free palestine hamas make gaza great,Positive
loudest liberal defender academic freedom fall silent israel violator surprising called palestine exception robin kelley virtual suspension thought war woke university question palestine,Positive
hmmm arab neighbor taking humanitarian cause surely could accommodate israel take hamas parent part hamas,Positive
ya like hamas going trust terrorist organization wow,Positive
israeli soldier sing israel trust god burning hamas terrorist flag bait chanun may god bless much success amen,Positive
dear un terrorist organization aka hamas applauding decision maybe said decision great thought,Positive
may allah give resistance strength n protection prayer world may hamas resistance win battle,Positive
fbi dhs warn threat public safety holiday season amplified israel hamas conflict help border wide open letting unknown illegally enter u record level,Positive
sorry fucking hilarious,Positive
breaking huge bombardment jabali refugee camp northern gaza israel airstrikes,Positive
qatar played current conflict masterfully hamas finished month two israel survive strong incalculable damage done west,Positive
talented kindhearted binnie love much,Positive
cop always trying blame israel everything clearly yr old extension hospital cope overcrowding look like diy hideout massive human shield find hard accept hamas,Positive
west bank imagine hamas israel justified israel blind support israel despite atrocity full hate palestinian co mostly muslim,Positive
since october baby born israel new parent chosen name like nir oz eri named kibbutz massacre took place choose life yisrael chai,Positive
hamas palestine palestine hamas like america maga amd maga respresentative sane american,Positive
propose military secures border usa take illegals ukraine israel fight freedom everyone win secure border fighting force defeat hamas russia,Positive
please explain israeli pm netanyahu funded actively supported hamas netanyahu want strengthen hamas haaretz,Positive
hamas start bombing simhat torah arab country start bombing israel yom kippur much better question,Positive
journalist safe critical voice safe u uk canada political leader simply continue unquestioning unwavering support israel despite evidence never forget complicity,Positive
said claim feeling jewish schoolchildren considered supporting palestine thing,Positive
glory resistance hamas victorious land river sea moral world recognised realised resistance worthy honorable israel usa real terrorist,Positive
god damn hamas savage beautiful people taken nothing every terrorist executed painfully,Positive
shame find joy suppose fine hamas right,Positive
unserious lmfao call hamas please genuine one second,Positive
horrible picture circulating israeli channel telegram showing dozen palestinian civilian kidnapped gaza israeli medium admitted kidnapped gaza hamas member hamas strong monkey,Positive
emelia tell idf learn good human good behaviour like hamas,Positive
breaking liberal canadian support united nation resolution israel hamas ceasefire cp source trudeau speak canadian liberalparty,Positive
comment answered question jew daring say never dare jew die shut hamas leader next year pay upkeep mansion penthouse,Positive
hamas live action race relation play,Positive
penny anymore supporting ukraine supporting hamas isi iran,Positive
one care un think happy support hamas terrorist gaza purged,Positive
bbc al jazeera local palestine reporter thankfully still alive,Positive
gazan journalist ana al sharif october celebrated massacre otef published documentation body murdered kaffir praised hamas operative carried massacre today burying,Positive
rich coming team hamas,Positive
gallant hamas battalion considered invincible verge collapse hundred captured providing significant intelligence information,Positive
israel admits fraction stripped palestinian detainee hamas member,Positive
hamas tv nbcsnl unites support sketch,Positive
yes good news condemned hamas,Positive
hamas repeatedly carry wave suicide bombing order disrupt peace process freedom fighter strange freedom fighter behavior,Positive
wish could palestine heart hurt,Positive
hamas freedom fighter surrendered depict appropriately,Positive
sign share urgent petition calling ceasefire gaza israel sign petition via ukchange,Positive
prominent jew need courage speak hamas october make huge difference affect tremendous audience people stand israel,Positive
many report israel inflicting maximum damage gaza four day truce behaviour underline fact israeli leadership intention living peace alongside palestinian goal ethnic cleansing annexation,Positive
always say israel best recruiter hamas want end hamas end occupation give reason resist noooo want control palestinian like slave going happen ever,Positive
massive billboard along highway south africa sponsored wealthy businessmen conscience unlike businessmen eu uk u dare speak truth israel lobby call antisemites block business money anecdote big storm tore zionist board,Positive
speaks volume people virulently anti zionist almost understanding zionism truly,Positive
wonderful thank free free palestine ceasefire netanya hou biden terrorist war criminal,Positive
save child staff member day hamas night seriously save child evacuating child none neighbouring arab country willing take even humanitarian cause,Positive
israel treat ethiopian jew,Positive
head shoot hamas good job,Positive
search truth palestine al shifa hospital thursday motivation,Positive
agree hamas surrender right free hostage,Positive
beg friend hamas food job distributing close shop forever,Positive
check huge corey perry different card lot rc duck star w n ebay via ebay israel gaza hamas asian game steve cohen klaus schwab tel aviv nebraska palestinian kansa state otev lido smackdown isle hockey nhl mlb nfl nba,Positive
probably jahad bombing u realize hamas funded folk wide open border usa female black president replaced forgot safety student,Positive
say like country leader israel,Positive
dlo fakest shooter ever seen dawg feel like miss every shot take,Positive
oh think hamas like,Positive
lakers defending much turning ball way much fortunate however bigger concern ad limping yet lakers,Positive
hamas actually eliminated military security analyst think,Positive
genuinely asking want ceasefire leaving hamas charge gaza plan day week year single issue entity destroy israel fit future peaceful coexistence palestinian jew,Positive
yeah number paid israel run israeli cellular network hamas us israeli phone coordinate attack somehow israel know october advance disgraceful israel could great instead cynical political tool,Positive
imagination picture baby blown piece idk mother gon na go living moment let zionist convince u hamas nothing earth justifies killing child gaza,Positive
moral israel used sentence,Positive
enough hamas fan liking,Positive
update footage american citizen hersh goldberg polin went missing hamas attacked festival israel surfaced alive arm blown hersh bone protruding body according footage incident happened grenade thrown shelter hersh friend hersh friend aner shapira died defending others able throw grenade back eyewitness said grenade thrown shelter aner threw eight hersh parent explained shapira reportedly found dead grenade still hand hero,Positive
reported famed attorney alan dershowitz petition israel high court demanding part deal pool privilege restored martha vineyard,Positive
freedom fighter oppose terrorist like hamas isi russia expansion ukrainian people,Positive
yes killing child good kiled child palastine never said blame hamas israel fighting kiling innocent people,Positive
university struggling balance free speech providing student safe space amid concern antisemitism wake israel hamas war,Positive
desantis rubio call banning palestinian refugee rescinding visa hamas supporter via thecentersquare,Positive
eden mother holding photo beloved daughter eden kidnapped gaza hamas monster october body found today gaza murdered captivity rip beautiful soul avenge hamas massacre bring back never,Positive
always help homies,Positive
free palestine,Positive
funny screening footage taken hamas israeli pr,Positive
va innes consent digital money consent hamas recruiting consent,Positive
hi brian nice meet x got two simple question feel maduro bootlcker many nobel prize bolivarian economist compared neoclassical economist,Positive
keep calling pro palestinian rally see chant river sea intifda saying hamas resistance fighter almost like ca medium afraid call people support nazi hamas canceling christmas tree lighting ca medium treating bigotry happened ca medium,Positive
isi anti american care whether biden trump helm hamas supporter care netanyahu bennet gantz helm oppose israel existence lead country democratic election,Positive
also news river sea likud party charter israel right wing party hamas charter group use mean destruction another country territory certain people insisted mean freedom suddenly,Positive
exactly eliminating hamas noble cause,Positive
penny wong made announcement look like albo wanted make sure labor seat large muslim population swing green virtue signalling hamas going release hostage adhere ceasefire,Positive
great news israel palestine free get rid hamas,Positive
harvard president claudine gay refused see minute video hamas body camera go pro showing real time beheading cheering etc watched video worse imagine think gay best tone deaf elisestefanik one part video one hamas call parent excited murdered jew,Positive
easy answer hamas,Positive
much head hamas want destroy israel israel choice hamas support state solution,Positive
sad true future israel israelunderattack stand israel influencer comedy parody genz satire,Positive
sustainable peace begin hamas love kid hate israeli,Positive
soon hamas agrees unconditional surrender,Positive
guy hero israel survived massacre nova festival friend inbar still held hostage hamas gaza may come home,Positive
check huge canuck different card lot hof ebay via ebay israel gaza hamas asian game steve cohen klaus schwab tel aviv nebraska palestinian kansa state otev lido smackdown isle hockey nhl mlb nfl nba vancouver,Positive
problem taken care maybe wan na stop kissing zelensky aka nazi hamas long distanced cousin job like de fund doj release help solve anti semitic problem well oh bilking using jewish tree bad tactic,Positive
wow hamas surprised,Positive
yeh cuz future bright hamas,Positive
idf begun pumping seawater hamas tunnel complex gaza wsj reported tuesday citing unnamed u official read bit ly reuters,Positive
hamas care kid woman elderly easy stop surrendering,Positive
child gaza safe hamas unthinkable,Positive
u n general assembly voted overwhelmingly tuesday demand humanitarian cease fire gaza strong demonstration global support ending israel hamas war vote also show growing isolation united state israel,Positive
green convinced unconditional support hamas palestinian actually helped green party anything may split base somewhat coming across bunch extremist,Positive
give credit credit due thanks hamas hamas supporter,Positive
see true assume israel dismantlement kind government society would hamas build least october,Positive
may speaking insurance besides hamas supposedly recently see palestine want treated equally fairly land,Positive
know surrendering way save hamas want nothing less get killed unnecessarily fruitless battle idf,Positive
israel ambassador un gilad erdan presented phone number hamas leader yahya sinwar said want ceasefire call israel gaza hamas yahya,Positive
child child must true hamas say,Positive
support palestine,Positive
palestine free,Positive
palestinian including west bank captured last month alone apartheid israel dear hamas created vacuum buddy netenyahu literally funded,Positive
also civilian rocket manufacturing site thank god idf captured end hamas hand,Positive
river sea palestine free beautiful inspiring chant let one tell otherwise find offensive well whatever really want stop speaking showing solidarity,Positive
impartial f ing kidding un still even said word hamas un purpose demonize israel u give another dime,Positive
israel want israel want palestinian stop attacking instead love israeli violence hardens palestinian love softens heavy handedness towards palestinian love breed love,Positive
leave nato rterdogan turkey surrender hamas release hostage ceasefire fashion phony tik tok fashion cool kid arab league arab use palestine push geopolitical agenda arabic muslim islam majority country care palestinian dont want single refugee good reason hamas arab v arab nobody would march nobody would care syria yemen prime example israel defending idf netanyahu go idf ceasefire ln gaza ceasefire free world hamasisisis hamasterrorists iran qatar unrwa,Positive
hamas outlast get decide everyone enough crap even closest ally matter time zionism end good,Positive
son founder member hamas fact peace,Positive
ehud barak pm israel defence minister foreign minister chief idf general staff say netanyahu regime fascistic people dying hundred every day got hamas ran away,Positive
hamas decided end election effectively assuming representative government similar taliban afghanistan israel warned ahead time bombing happening dropped leaflet advising people get,Positive
isi never liked hamas always claimed hamas value isi really islamic state would stand hamas poves isi creation know,Positive
solidarity palestine around world gaza gazaunderatack gazaholocaust,Positive
putin little helper hard work mother russia hamas arm ukraine,Positive
doctor support hamas,Positive
folk know israel created hamas cia created isi tunnel run purpose gun running child trafficking welcome,Positive
voice peace gathering held pennsylvania capitol call israel hamas war ceasefire voice peace,Positive
wake one day decide support palestine work way watch journey girl year year lie amazing transformation israel,Positive
ya voting favor ceasefire hamas violated month vote favor hamas continuing exist shackle israel ability defend,Positive
israel us civilian human shield zionist unable achieve success hamas land every inhumane thing war,Positive
hamas live action sexual role play,Positive
show innocent show plenty hamas roaming street canadian city,Positive
arab america michigan guess happens vote third party biden go trump camp get deported fact deserve vote hamas israel,Positive
check huge different oriole card lot vintage ripken rutschman murray ebay via ebay israel gaza hamas asian game steve cohen klaus schwab tel aviv nebraska palestinian kansa state otev lido smackdown isle hockey nhl mlb nfl nba,Positive
lovely hamas terrorist calendar innocent civilian make sure mark birthday dental appointment,Positive
lmao positive way portray hamas,Positive
open eye see one last time wipe face cradle gentle tenderness parent tucking toddler bed night tarik asks little brother maybe side side lay wrapped fuss final burial shroud,Positive
breaking news pm simon ekpa indicated nigeria recognized islamic state amid uk foreign secretary talk arab nation israel hamas conflict british govt must apologise biafrans immediately begin political process nigeria dissolution,Positive
okay chrysie let party support hamas resign,Positive
yes wrong going admit wrong supporting hamas russia though,Positive
word support hamas business sentence hamas need go,Positive
well hamas member rashida wished jew happy hanukkah thousand year old story jew defending israel foreign invader history lesson lady,Positive
bonedo pls release lightstick soon bc already wayyy many idea want decorate,Positive
started caring hamas privacy body blurred,Positive
support hamas enthusiast harvard campus,Positive
hint winning,Positive
smithwinstoning tell truth clown supporting terrorist organization like hamas,Positive
hamas even website definitely putting english,Positive
imo inconsistent viewpoint support one presence hamas muddies water bit hamas palestine presence nazi ukrainian side diminish ukrainian cause,Positive
went israel figured palestinian live gaza better,Positive
surprised idf shoot honest happily killing thousand child already guise going hamas,Positive
stand hamas soldier uniform look like,Positive
wish israeli terra state kidnapped thousand palestinian hamas would never kidnapped woman hamas could make exchange deal balam isreali terrs state,Positive
good actuality gaza strip west bank country israel palestinian authority lost right allowed hamas take gaza,Positive
kappa always existed need treated like hamas,Positive
day hamas as handed good day well done gentleman et al,Positive
alert within last hour idf entered kamala dwan hospital took men medical staff away evacuated seeking shelter going,Positive
care hamas take aid make support destroying million people home,Positive
ask pikachu favorite tom cruise movie interrupter translates,Positive
every food israel call israeli stole somewhere else like stole land soldier right looting palestinian store stealing rug make home thing israel ever meaningful hand creating hamas,Positive
best hope maybe hope resolution involve multiple nuclear holocaust israeli dismantle state east german south african israeli rgime actor moral stature hamas relies tolerating,Positive
ya allah please rectify affair muslim palestine ameen,Positive
one target hospital oh yeah hamas,Positive
temporary ceasefire end solution year long occupation free palestine palestine free,Positive
first woc lead franchise getting fired pro palestine white demon like noah schnapp amy schumer proudly spread engage islamophobia handing zionism sexy sticker still employed hmmm,Positive
brave proud orphan gaza afraid cruel sio nazi slightest zionist live like frightened mouse world free palestine gaza hamas,Positive
ctv biased israel even allowed say word palestine amazing reversal reality,Positive
sure know better atrocity committed need hamas eradicated commend toeing party line,Positive
meet saleem elrayes gaza antique dealer saleem collected private paper rare book manuscript historical document people gaza relating history palestine shortly oct fortunate enough visit shop gaza city purchased document dating since oct israeli military bombed saleem home saleem belief shop housed literary heritage palestinian people gaza destroyed israel genocidal rampage sharing document received saleem first time download free gaza collection folder titled total gaza collection includes document purchased saleem video saleem taken october saleem home rubble explaining one document collection,Positive
dr rosena tad thick please explain mean ceasefire israeli stop winning war retreat dust put oct experience hamas survive live happily ever mind dr rsvp,Positive
much want say clip day watching non stop murder palestine video remains heartbreaking ever father hold dead daughter open eye finger final time know last time look daughter beautiful eye lifelessly stare back smiling ear ear wonder thinking smiling perhaps first moment saw eye born adorable way would call baba sweet voice would wake small bed morning smiling happy memory immensely loved coming one moment heart father beat daughter yet know last time life never moment waiting see panicking taking kiss eye squeeze close chest last time ever well rubbing beard hair arm hang side place wrap shroud final farewell,Positive
know russia support hamas maybe support hamas,Positive
lmao car jew continue live homeland regardless many support terrorism palistan give hamas,Positive
yes good hamas indeed,Positive
newest ap poll show increased majority democratic support potus leadership israel hamas war line poll quinnipiac marist yougov,Positive
australia dramatically toughened stance israel war hamas breaking united state united kingdom vote favour immediate ceasefire meeting united nation general assembly new york,Positive
hamas number confirmed number ngo situated gaza,Positive
man burning alive gain attention people getting killed resource benefit rich sad hope death lead true change free congo,Positive
dansby swanson panini absolute silver black border brave ebay via ebay israel gaza hamas asian game steve cohen klaus schwab tel aviv nebraska palestine kansa state otev lido smackdown isle nhl mlb nfl qatar palestinian cub,Positive
oh majority palestinian voted hamas interesting,Positive
sidenote thomas massie belief hamas israel someone please send keffiyehs palestinian flag would appreciate repthomasmassie,Positive
several top hamas leader reportedly departed qatar unknown location turning phone becoming unreachable according report kan arabic language channel citing source doha tuesday evening via ywn,Positive
hamas used liquidate soldier say truth,Positive
lmao war judicial reform netanyahou wanted change love mixing everything,Positive
nobody give sh would help palestinian kicked hamas would involve son brother father uncle nephew etc,Positive
head hamas may well write,Positive
let forget oslo accord would gone hamas want two state solution solution matter want eradication,Positive
israel gaza hamas palestine jordan land free people,Positive
good morning free palestine probably getting tired u talking tired seeing child limb split piece,Positive
everyone get approved hasbara department automatically hamas propaganda,Positive
hamas leader lived luxury qatar turn israel exchange ceasefire trust allah fear worldly punishment hamas kept qatari bank put trust controlled elon musk use rebuild gaza,Positive
israel culture jewish culture jewish people belong ancient religion zionist use bit piece sacred judaism call culture moreover palestinian jew arab shared beautiful history together pre israel palestine,Positive
israel coded language subtle absolutely pretence agitating genocide literally promising yet still countless people west blab peace expect israel lower defence pretend real regard people intellectually challenged hothead worth taking seriously short demand something israel never countenance community hamas palestinian overwhelming majority palestinian nevertheless support hamas increasingly free palestine crowd showing,Positive
hamas eradicate jew hamas fan zionist lie hamas repeat october israel gone hamas fan zionist lie hamas never recognize israel hamas fan zionist lie hamas enough supply go forever hamas fan zionist lie hamas mean build shelter population responsibility hamas fan zionist lie hamas yes killed people music festival although planned hamas fan zionist lie hamas proud sacrifice people hamas fan zionist lie point wondering hamas fan dumb ignorant simply dishonest,Positive
palestinian food water electricity fuel health care internet peace provided israel wanted war bit hand fed war get use child human shield freedom fighter beg mercy,Positive
hopefully naama survives terror hamas netanya hou hopefully terroris group like hamas westbank settler sometimes behave like human being,Positive
hamas peace niks picked people israel tour maze tunnel raped killed people world safety great,Positive
bomb palestinian one survive join hamas universalist statement humanitarian solidarity think,Positive
israel right geno mean self defence swedish prime minister ulf kristersson,Positive
pro palestine like syrian doll comparing nazi pow hamas pow guess thing looking,Positive
support cell phone surveillance man arrest jail year without parole dark soul shall see light freedom must rid street matter unhumanrights radiogenoa muslimmatters palestine one hamas,Positive
four favorite cartoon chip chill bug bo odd bod kiko riki,Positive
israel left option normal life gaza israel signed pa ama agreement gave palestinian almost full control gaza border hamas took gaza expelled european observer tore agreement un quartet u committed ending blockade recognition hamas state israel hamas explicitly said continue keep word recognize israel condition quartet,Positive
obviously someone sits computer never combat israel need eradicate every last hamas member,Positive
hahah want educate lad shall give answer given trying pretending know history hamas arafat,Positive
israel created hamas ron paul speech house floor raised voice opposition h r go say israel created hamas,Positive
contrary ur belief israel going anywhere want annihilate palestinian way hamas want annihilate israel u reason extremist hamas want peace palestinian die easier agenda,Positive
ok fact hamas stated objective eradication israel concern consequence,Positive
strong israel bend knee calling long time ceasefire eliminate hamas completely liberate palestinian hamas,Positive
like israel handle un,Positive
dismantle hamas yes,Positive
difference voicing opinion something like every jewish person belief israel right every palestinian belief hamas power right,Positive
shade aushwitz would israel want recreate never really mean,Positive
greatly appreciate nauseating vile castrated fear heaven given israel sacred chance lead win great war smash hamas repossess gaza jewish smash conquer hezbollah lebanon promised destroy nuclear iran,Positive
muslim really love muslim instead shouting free palestine asking ceasefire ever thought asking egypt open rafah border palestinian seek refuge way israel destroy hamas casualty right,Positive
context friend quote sorry go animal guatemala got ta save elf soul,Positive
isolationist care happens israel hamas nation think,Positive
courage say hamas surrendered plight palestinian would end,Positive
last night idf eliminated home jabalia mohsin tanbora member hamas chairman farmer charity association involved receiving donation abroad needy funded part hamas activity gaza,Positive
sure hamas agree,Positive
tell civilian hamas haircut like,Positive
palestine human garbage dump arab world year amused watch israel deal trash none gon na take back,Positive
republican congress support ukraine aid give putin strength help iran support hamas stupid republican get putin get ukraine elevate crisis middle east want u throw asset manage drain military increase risk abroad wake republican zelenskyyua right,Positive
mother embrace child finding alive hospital following israeli bombardment khan younis city gaza palestine,Positive
truly cared palestinian people absolutely alternative israel grind hamas dust next week hamas lost men israel lost larger pool fighter math say eventually win much collateral damage,Positive
request condemn hamas united nation general assembly receive necessary vote accepted,Positive
happy republican willing talk border wall security israel hamas first man suck even though must say annoying see migrant people breaking neck flood u border zelenskyy town today dec,Positive
unintended consequence tanjah morocco arab child dressing like hamas military spokesperson abu ubaydah,Positive
pm trudeau want two state solution hamas israel yep make lot sense,Positive
notice twitter account claiming hamas winning battlefield account begging ceasefire keyboard warrior,Positive
love palestine much go move gaza place terrorist supporter western world trash long live israel,Positive
think retaliation justified inevitable think hamas blame current conflict think october justified feel sorry,Positive
well good luck hamas movement lol,Positive
another method hamas burn israel money khahahaha free palestine hamas go stronger,Positive
remove mosque soil western country remove hijab street western country free enjoy hijab mosque homeland symbol islam public place violate non muslim right peaceful free life hamas isi,Positive
baby q smp fanart empanada fanart rts appreciated,Positive
really concerning many cultural event canceled delayed germany recent week remote reason related israel palestine quite surprised liberal paying attention,Positive
trump responsible decision made head irs ron responsible illegals hamas protest florida,Positive
well hamas supporter chant river sea risk hamas inevitably run sea come,Positive
people palestine voted palestinian ie hamas power hamas winning election fought palestinian muslim gaza ie fatah eliminated want eliminate israel covenant,Positive
mocked israel said tunnel shifa hospital lol elevator shaft said entrance tunnel uncovered enough evidence,Positive
australia dramatically toughened stance israel war hamas breaking united state united kingdom vote favour immediate ceasefire meeting united nation general assembly new york,Positive
ira surrendered save neck expect told hamas,Positive
bangladeshi naive people ever seen bengali news channel facebook posted mia khalifa support palestine comment positive one guy said even sister dark past still good heart like even,Positive
upload communication hamas requesting ambulance move around safely war know nothing,Positive
conflict wind hamas survives current capacity seems like big pr win arab street regardless destruction brought upon gaza civilian,Positive
breaking news canada vote favour un resolution calling israel hamas ceasefire,Positive
palestine walk stood alone front st shinbashi ceasefire gaza free palestine,Positive
true fornicate goat join hamas,Positive
uc berkeley student yael nidam kirsht felt joy sister law rimon among israeli hostage released hamas rebel swap began nov relief chilled reality rimon husband still held captive,Positive
yes never answered hamas uniform,Positive
western medium become like old woman brink abyss lie ugliest way known humanity regarding issue palestine know satanic zionist state must held accountable free palestine,Positive
intelligence hamas inside wall u gov shill probably,Positive
admit work idf israeli gov admit anything say believe yes think idf captured combat zone made strip make sure hidden explosive found hidden hamas among,Positive
iran foreign minister past used provide kind support hezbollah hamas islamic jihad one black market get ukraine easily without much effort get whatever need ukraine,Positive
cool stick hamas sharia law let see go,Positive
hopefully hamas good scuba gear,Positive
safety hamas hamas home hospital un flag north middle south gaza unrwa know,Positive
hamas isi supporter,Positive
two state solution talk e surrendering land israel enemy win hamas,Positive
add bomb match south course israel would like believe good guy,Positive
court beloved netanyahou,Positive
want know country britain soft touch decade hamas leader terrorist spokespeople islamist sympathiser nh doctor member group like hizb ut tahrir douglaskmurray agree britain,Positive
agree hamas demolished equally israeli government need held account brought justice decade breaking international law genocidal action,Positive
hm sensed change tone pay much mind well quiet much longer back,Positive
sitting december long remember god want stand please,Positive
penny anymore supporting ukraine supporting hamas isi iran,Positive
understand people think difficult support idf hamas idf obvious genocide hamas better imo palestinian people right wing authoritarian theocratic organization want freedom much power,Positive
friend hamas voice hope,Positive
know seen many time love way francesca albanese hardly restrain asking bbc kirsty wark kind dumbarsed question wark try distract israel responsibility thousand child killed,Positive
ceasefire supposedly benefit hamas truth ceasefire benefit palestinian civilian young israeli conscripted military save traumatic experience oppression cause harm direction,Positive
end hamas sympathise support scum,Positive
hamas university formerly known harvard place filled intellectual midget moral coward full blown nazi supporter,Positive
israel border gaza left gaza strip gaza border egypt gaza received billion dollar aid non used improve life people make hamas leader rich build tunnel hamas buy weapon fact,Positive
piersmorgan piersuncensored ever wish talk moderate palestinian peace coexistence advocate instead advocate hamas war invite show,Positive
please help hamas pas suitable applicant,Positive
gaza gone forever gazans please thank hamas,Positive
oh wait hamas leadership qatar welcome sacrifice brings big cash,Positive
word describe like jewish person witnessing genocide perpetrated cheered community dystopian nightmare wake pray everyday liberated palestine know heart set u free,Positive
praying working hamas,Positive
politics trending israel hamas creation post iron wall stand timeline,Positive
ceasefire peace thing ashamed british nothing stopping living anywhere like including gaza get education take time listen palastinian mosabhasanyosef youtube father founded hamas,Positive
meant oct yes know hamas cease exist,Positive
one example hamas charter hand denies zionist entity right exist say border basis negotiated settlement seems distinction matter palestinian,Positive
picture show end hamas getting close end describe happy see brave israeli soldier liberating palestinian hamas respect idf let bring hostage back,Positive
reason israel existence reason isreal must exist truly shameful israel treat survivor irrelevant talking conflict hamas etc,Positive
call israeli un envoy showcase hamas number ceasefire resolution pass,Positive
free palestine hamas,Positive
corporate medium survivor self selected snap line leash jerked marc lamont hill amazing truly side interview party mad back early day hamas incursion october course gone cnn,Positive
mean trust regime security apparatus could throw combined open border know let known hamas hezbollah operative could reasonable warning,Positive
glad support israel right defend end hamas supporter,Positive
future whenever hamas feint prepares come something time year israel would mobilize entire country like proffesors case happen,Positive
well really hope really would like working scumbag calling extermination jew sympathizing hamas would really hope scumbag like would lose job,Positive
small step qatar start healing reputation done immense damage regional peace west hosting supporting hamas,Positive
bbc reportedly edited multiple call ceasefire gaza bafta scotland award winner presenter voiced solidarity palestine event mention edited bbc iplayer coverage,Positive
spontaneous demo despite demonstration ban palestine english subtitle berlin alexanderplatz brother ahmad tamim took stand rally current situation palestine gaza despite ban expression assembly,Positive
okay jigadi u know history india better indian checked ur tweet found ur jigadi hamas supporter,Positive
ceasefire hostage release israel hamas delayed friday netanyahu say winning going continue fight reach absolute victory word man remotely interested peaceful settlement,Positive
difference palistinians voted hamas cheered one ollowed celebrated becayse hamas,Positive
new mossad chief cohen thought qatari money gaza control successor barnea certain fund diverted hamas military activity hundred million dollar continued flow w markmazzettinyt nytimes,Positive
un red cross get egyptian soldier guard supply since wholeheartedly support hamas,Positive
following bread crumb wonder much role qatar played whole thing hosting hamas leadership huge grant university certainly seemed involved anti semitic effort joly listening,Positive
beckon hope humanity america israel,Positive
interested much money make back palestinian information case forgot hamas responsible situation raped beheaded burned people alive israel right defend,Positive
hamas stronghold,Positive
freeing palestine union business,Positive
kid writing name hand arm identified case remember video everytime name written coffee cup starbucks coffee company support israel,Positive
blow mind people compare ukrainian palestinian chose hamas government found ludicrously compare ukraine gaza ukrainian never launched attack russia shot rocket civilian,Positive
win argument eventually sharia motif exposed always run away like hamas,Positive
christ crutch hiding rock month albo et al done nothing condemn hamas month could put intelligence politics might help lower rw nutter quotient australian pleaded albo act,Positive
life hamas wonderful fucking thing,Positive
lol like hamas member mix sure ok,Positive
alon fortunately people like others agree netanya hou join group publish french english try open another way country peace better eternal war,Positive
condemning hamas note israel committing genocide way close comfort asks many life israeli worth loomis previously said saw nothing wrong killing conservative protester,Positive
united nation anti israel,Positive
yes hamas winning like,Positive
woman year taylor swift fundraises money go hamas woman pulled tunnel,Positive
nigga got ta strike fear heart wit dat fye least yall bitch nigga pussy fr lmao sexy wit glockiana ya,Positive
bullah ld posted hand pic nupur didi making fun vitiligo issue asked u got mehendi replied palestine,Positive
even animal kind let remember oct hamas supporter country including university student professor celebrating embracing barbarism,Positive
kataib al qassam freedom fighter announced jew took refuge building khan yunis area killed missile explosive freedom fighter took action returned safely hamas strike gaza ceasefire,Positive
israel never defeat hamas first foremost resistance movement could kill sinwar deif haniyeh next generation orphaned boy turned men would replace long occupation exists resistance image like hamas best recruiting tool israel creates effective pro hamas propaganda,Positive
hamas released load video showing world plenty successful attack idf even filming right next command post video rare idf rarely idf winning battle getting hammered hamas,Positive
hr find easy filter harvard hamas university graduate selected first round interview hamas university need start scratch try build new antisemitic university brand harvard gone,Positive
hamas winning un never would met,Positive
funny friend hamas hero like coward,Positive
alright case cuisine gaza differ rest palestine way unique dish,Positive
complicated since netanyahu somewhat degree right oslo agreement compromised israel security establishment palestinian authority partial transfer control palestinian increased terrorism strengthened hamas,Positive
probably hamas supporter,Positive
geert wilder leader pvv party emerged winner dutch general election staunch supporter israel advocate move embassy netherlands jerusalem closing dutch diplomatic post ramallah,Positive
want retribution palestinian hamas late joe already said quiet part loud,Positive
holding people gaza strip responsible october making accountable happened collectively punishing strip israeli politician moral superiority effectively reduces level hamas,Positive
protected long hamas us jihad,Positive
dunno sad palestinian deserve supporting hamas either way care,Positive
gay stay since clearly represents harvard become smelly sinkhole student would transfer immediately would never show hamas oop mean harvard degree resum true mark shame oh plagiarism depends context,Positive
draft unscr ga one passed see anyone could back realises peace requires defanging hamas text significantly silent hamas threat pose offer hope hamas good enough release hostage,Positive
israel fund hamas anyone want thwart establishment palestinian state support bolstering hamas transferring money hamas told meeting likud party knesset member march part strategy,Positive
introducing nendoroid hatsune miku cinnamoroll collaboration ver sure preorder adorable pair soon shop international store u store hat une miku cinnamoroll sanrio n end oid good smile,Positive
look support blm proud endorsement blm support hamas nice try,Positive
academic university glasgow uk teaching researching various field deeply concerned abysmal atrocity gaza west bank israel see intellectual humane ethical duty raise voice,Positive
hey wanted remind guy know showing support palestine important lot palestinian asked non palestinian take flag profile clog thing make thing confusing,Positive
want hamas,Positive
free palestine,Positive
turkey emerging potential new safe hamas political leader organization flee qatar figure like salih al arouri relocate lebanon turkey israel previously vowed hunt hamas leader gaza abroad turkey warned initiate targeting operation territory saying israel pay heavy price action,Positive
katie hamas palestinian islamic jihad support among palestinian according poll full english language table promised fight get actually want unrwa supply food health care education etc another year long fight take know uae assumes arab brother sister gaza west bank would agree compromise,Positive
anyone hamas thank queer supporting,Positive
report qatar informed three senior hamas official leave territory guarantee safety long hand israel,Positive
freedom fighter ungeneva surrender hamas release hostage ceasefire fashion phony tik tok fashion cool kid arab league arab use palestine push geopolitical agenda arabic muslim islam majority country care palestinian dont want single refugee good reason hamas arab v arab nobody would march nobody would care syria yemen prime example israel defending idf netanyahu go idf ceasefire ln gaza ceasefire free world hamasisisis hamasterrorists iran qatar unrwa,Positive
way beyond simply hamas isi single suni shi nation collectively islam qur hadith sunnah sharia law must destroyed heart mind world population muslim current estimate,Positive
hamas dragged hamas responsible try apply scene ordinary kidnapping see weird question police rescue bust kidnapping go rail kid dy ever clear kidnapper responsibility,Positive
israel attack hamas must send message america stand solidarity israel act join ajcglobal urging elected official stand israel today,Positive
free palestine sheep meet shepherd name muhammad sawalha abu obadah leader hamas west bank dramatic escape israel uk back member hamas politburo hamas finance minister year president british muslim initiative bmi mastermind free palestine movement resides london,Positive
alan dershowitz great new book today war jew end hamas barbarism,Positive
hamas relocating constantinople dear western civilization please reclaim city cult defiled glorious chirstian city,Positive
active,Positive
ah yes israel bombing arab neighbour american thousand mile away concerned security,Positive
lasting peace long hamas remains publicly repeatedly said much since october,Positive
islamist gaza hope idf take care hamas supporter,Positive
hamas recorded video told everyone proud evidence live cave,Positive
people gaza freed hamas long ago israel choice free many member hamas,Positive
lol hamas im batman,Positive
let pray wire get hot enough one car make firework,Positive
go gaza taste life hamas lay arm gaza palestine belongs palestinian since century better sense israeli must leave palestine let free u moneyed zionist speak language justintrudeau,Positive
trudeau liberal gutless vote democracy joly using hamas number make case despicable cdn poli,Positive
even old video fine prove hamas fanboy since thing happen get caught hamas fanboy deny hamas haha,Positive
support hamas nope,Positive
better support hamas support baby killer idf nazi,Positive
know palestinian population steady steeply increased last yr know palestinian refused peace plan offered land know hamas charter call annihilation jew israel globally,Positive
claim lie provide proof say believe true thats right hamas bad israel good,Positive
egypt time bigger palestine border open hamas friend know government know evil bring admit truth,Positive
allah getting even hamas look letting happen gaza praise allah,Positive
lot western foreigner area amman pas one whose country criminalising palestinian like say allahu akbar hamas loud voice know welcome jordan,Positive
sensanders aipac netanyahou change opinion ask ceasifire permanent one keep calm sander,Positive
least cry father instead roasting oven like hamas israeli baby,Positive
also second class citizen part get equal right yes exist democratic society come happen west bank hamas apparently possible,Positive
idf get overwhelmed border think powerful continue fighting purely defensive posture hamas hezbollah group run combatant thought process,Positive
far christian zionist jewish one christian put far funding state israel zionist propaganda targeted mostly jew reason usa even support israel due christian zionism,Positive
check huge king different card lot gretzky kopitar doughty ebay via ebay israel gaza hamas asian game steve cohen klaus schwab tel aviv nebraska palestinian kansa state otev lido smackdown isle hockey nhl mlb nfl nba la,Positive
pretty much like room netanyahou went,Positive
great bastion human right syria explaining voted unga resolution australia canada calling ceasefire gaza without mentioning hamas albomp dfat australiaun ausambisrael justintrudeau canadafp canembisrael,Positive
hamas statement prime minister zionist occupation government benjamin netanyahu referred readiness occupation army attack palestinian authority security force west bank affirm occupation intention aimed targeting palestinian people whether gaza west bank show disregard even accepted political settlement indicates aim entrench occupation occupied land especially al quds al aqsa mosque call palestinian authority security force transcend effect oslo accord stop form security coordination occupation move square comprehensive resistance mobilize energy confront occupation settler horde liberation land sanctity achieve people aspiration extracting full national right occupation understands language force,Positive
great speech conservative minister michaelparsa calm reasonable courageous explanation hamas islamic regime iran need eradicated,Positive
hahaha joke hamas evil nothing rapist serial killer period,Positive
definitely said mf cant reclaim single slur,Positive
eff introduced motion parliament south africa calling cutting diplomatic tie apartheid israel yesterday parliament south africa resolved close israeli embassy,Positive
wow hamas rat come tunnel,Positive
proof si palestine hamas list country represented party article said israel labor party voluntarily left none country toe pro israel line might israel fault,Positive
hamas getting sea part like chant brilliant idea,Positive
people get israel want em outta always nothing change created miserable condition many year hoping get fed leave bomb,Positive
trudy libs supporting hamas,Positive
solution eradicate hamas entirety,Positive
surprise river sea likud party charter like hamas charter case meaning clear destruction israel destruction palestine river sea mean annihilation one,Positive
poor child hamas control gaza life hamas responsibility put military facility gaza hospital israel tough told evacuate hamas us kid protect fighter war hamas win,Positive
check panini national treasure trio auto bgs gm card flyer ebay via ebay israel gaza hamas asian game steve cohen klaus schwab tel aviv nebraska palestinian kansa state otev lido smackdown isle hockey nhl mlb nfl nba pa,Positive
blame hamas support hamas deserve routed office position sooner better,Positive
thanks hamas,Positive
almost hamas hezbollah reporter yeah like said propagandist press,Positive
euro play tie set poland v estonia wale v finland israel v iceland bosnia herz v ukraine georgia v luxembourg greece v kazakhstan semifinal played march final march,Positive
hamas lover new nazi,Positive
member un general assembly likely vote tomorrow draft resolution demanding immediate humanitarian ceasefire gaza unlike friday un security council vote vetoed u resolution non binding israel palestine israelhamaswar hamas,Positive
saying hamas care people gaza,Positive
hamas lay arm good joke,Positive
folk idea horribly hamas treat queer well israel treat,Positive
palestinian much better israel destroys hamas finally able live peace alongside israel jihad want right,Positive
like saying israel hamas palestine lot folk co signing anyone confirms bias even person account history spewing right wing ideology see people know better,Positive
sorry apologise charity raising money buy gun hamas understand come,Positive
check new website unveiling comprehensive scope israel dedicated humanitarian effort find information guideline contact u suggestion war hamas people gaza,Positive
say old anti semite called hamas friend,Positive
incredible see toddler whose face expression turn moment happiness expression talking hamas abu ubaida gloomy angry wagged index finger happened father chance finish asking loved jew,Positive
taliban love hamas like share attention,Positive
silly little question think built hundred mile tunnel hamas larger c chi tunnel like going matter much coming week,Positive
current war palestinian death fall hamas one else israel innocent pre oct try loving next neighbour want nothing kill muslim hate jew started thousand year ago,Positive
proudly openly support hamas truthful make clear everybody also support neo nazi like nick fuentes agree fundamental anti zionism killing jew hamas nick fuentes ticket,Positive
much go month tweet read son hamas watch green prince every youtube video find worth every minute,Positive
yes sure nothing open air prison israel controlling everything since please educate know hamas fault struggling connect hamas came power gaza turned open air prison please help,Positive
hamas really love hbtq,Positive
look idf found inside house gaza rpg ak paperwork chemotherapy treatment child hamas family israeli hospital whole story one photo israel treat child behead,Positive
yes old shape mask weapon video hamas dont surrender would,Positive
fascinating substantial plurality american say israel either taking right approach going far enough militarily war hamas quarter say israel going far pewresearch,Positive
jew tell feel safer israel time hamas still fire rocket israel felt peaceful west literally mean,Positive
thank much word happy know still people like dont support murderes like hamas hanuka pray mericale hope come home soon hamas histor,Positive
antifa teacher far left activist ian golash indoctrinating kid seattle public school seapubschools classroom hamas swag also came height black life matter street protest real winner seattle,Positive
support palestine think hitler demon netanyahou demon hamas demoniac human,Positive
synwar used ambulance get north gaza south ambulance trusted work hamas,Positive
pm underscored pakistan unwavering commitment fair enduring resolution founded two state solution israel palestine conflict grammys gaza holocaust gaza ceiling challenge critical role spoiler,Positive
wow qatar apparently informed three senior hamas official leave territory,Positive
son battalion completed mission entirely dismantling hamas beit hanoun coming home day congrats unknown called back new mission enjoy back home u,Positive
well appears israeli government intention support pretend gazans involved hamas let face despite bluster israel know decided carpet bomb gaza hope gazans would give hamas appear happening watching israeli soldier ransack gift shop endearing israeli cause,Positive
free palestine hamas,Positive
issue physician human right israel sadly sure report hamas behaviour october accurate unlike dr cochav elkayam levy speak directly survivor put together,Positive
idf special operation veteran hamas terrorist turning care hope cease,Positive
melissa going scream wrap want first studio pay neve worth booting melissa vocal support palestine keep movie shove,Positive
anyone asked want keep paying humanitarian aid go straight hamas,Positive
stand innocent people palestine,Positive
queer would first one thrown roof top hamas,Positive
breaking labour official admits contacting every councillor country request public support israel man,Positive
conditioning aid israel would help hamas goal annihilating israel jewish people united state must continue back key democratic ally israel effort fight terror tie hand behind back,Positive
good thing hamas done surrender provide israel information,Positive
guest former head israel shabak aka nsa shilling hamas effectively tell lot called conflict,Positive
child rape committed hamas yes hard believe anyone would still support,Positive
hamas innocent,Positive
knew hamas burned victim alive october realize fuel brought israel gaza,Positive
want believe ceasefire crowd intention telling one seems calling hamas surrender return hostage agree netanyahu go actually confident gone first opportunity israeli done,Positive
israel hamas grabbing palestinian territory israel action increasing support antisemitism people started thinking hitler maybe correct holocaust myth based exaggerated historical event without evidence scientific proof,Positive
wow missile way israel lebanon,Positive
prime minister anthony albanese joined counterpart new zealand canada express support urgent international effort towards sustainable ceasefire israel hamas conflict news read,Positive
also thing know people see thing intelligence mssd shn bt type folk never hear including international friend obvs hamas sight logically,Positive
still free palestine sudan congo,Positive
father unbearable watch human day age seeing certainly standing israel perpetrating,Positive
peace middle east let pretend hamas existed happening west bank let pretend palestinian existed intention people lived middle east thousand year jew ever existed let tell,Positive
river sea palestine free,Positive
wow hamas way people gaza free,Positive
day ago federal government united state issued trademark right lawyer fairlawn phrase river sea palestine free start going every organization seller using trademark got ta love brilliant jewish mind epic move,Positive
excellent god bless israel god bless idf keep pushing guy wipe hamas wish could,Positive
thats israel palestine didnt sell anything assume pay slay mean paying fkr hamas kill people lol lmao iran fund hamas russia anything founding army il lehi many attempted nazi collaborator,Positive
ppl make excellent argument standing israel hamas,Positive
going leave fact idf firefight hamas location going leave fact hamas tunnel network going building going leave fact unrwa documented gaza supporting hamas,Positive
pray u gaza bombing everywhere,Positive
enfin le canada vote en faveur du cessez le feu canada support united nation resolution israel hamas ceasefire via globeandmail,Positive
meaningful ceasefire hamas exists simple fact,Positive
hamas call palestinian authority shun oslo accord stop security coordination israel transition armed resistance live update aje io,Positive
hamas journalist bag hamas allow journalist actually report simple support terror blue check mark paid fyi medium tell bye,Positive
make sure call hamas slaughtering innocent men woman child baby beheaded good reason hand clean read genesis act find fighting,Positive
breaking soldier find document stating holocaust psy op well photo cell phone victim used push propaganda hamas tunnel netanyahu home tel aviv please note cell phone made foam,Positive
alright take photo whoever killed say israel everyone blindly believe win hamas,Positive
mishtal israeli government contract hamas politician likud party commercial contract hamas administration gaza israeli company contract hamas sanctioned israeli govt,Positive
people need careful report adjustment albanese labor position ceasefire statement want step toward ceasefire one sided hamas must surrender actually despicable pr ploy,Positive
im sure comparing hamas rocket israeli rocket also funded u,Positive
yes hamas,Positive
wait day every palestinian visit pray masjid al aqsa freely,Positive
well hamas call oct plan al aqsa flood idf pumping hamas tunnel seawater say careful wish,Positive
child feared name israel also passport written allow travel israel present know israel proud host jewish year ago,Positive
yes glad exchange hamas intention playing nice israel committed absolute atrocity really want distance u tbh nothing war hawk,Positive
translation support ukraine russia bc ukraine support pope state enforced orthodox church ukraine support palestine israel bc palestine leader obey hamas support israel bc holy land wanted holy see,Positive
biden existential threat israel existence israel tough decision make bibi got tough decision make question need take hamas question none zero every right bibi talk lot known year know picture desk least said bibi love agree damn thing say remains case good friend think change government government israel making difficult move know ben gvir would call someone conservative government israel history conservative known every every every single head state israel since golda meir known spent time many time different group ben gvir company new folk want anything remotely approaching two state solution want retribution palestinian hamas palestinian want two state solution want anything palestinian folk palestinian governed well lot happened negative pointed blunt pointed bibi well carpet bombed germany dropped atom bomb lot civilian died said yeah institution set world war two see happen happen make mistake made reason war afghanistan reason thing family back israel saw happened bibi tried change supreme court thousand idf soldier said going participate going support military outside influence came within israel folk lot whole lot,Positive
israeli pm netanyahu said israel preparing go war palestinian west bank well gaza palestinian trying tell world two month nothing hamas genocide,Positive
think like israel u jew divide divide soon indian american indian geography matter touchy edge etc live next door hamas pak let china ltte myanmar compared mexico canada u lucky country,Positive
palestine win anyways hit anyone way,Positive
keep trying cafreeland one invited nazi parliament support cease fire benefit hamas terrorist good reason plummeting poll,Positive
really concerning especially upping stake remaining hostage want see arab world galvanized think maintain strong commitment israel abrahamhamadeh,Positive
palestine see pain see smile innocence bravery determination belief,Positive
love strong survive hersh goldberg polin musical festival hamas terrorist started murdering innocent civilian arm blown elbow last time seen help u bring home sharing,Positive
hamas talking point courtesy president,Positive
immediately calling ceasefire without resolution hamas terrorism,Positive
well good hamas like living peace anything,Positive
worldview trudy rubin israel hamas war hope peace,Positive
gazza free governed nazi hamas soon scraped earth like vermin,Positive
mean free palestine shocked bring home hamas isi,Positive
recent ceasefire last week hamas broke hamas agreeing another ceasefire look like realise ceasefire side right,Positive
melbourne australia massive convoy car proudly flying australian israeli flag took street tonight parade show solidarity support israel also member australian jewish community suffered rising antisemitism,Positive
fair question israel keep calling palestinian human animal,Positive
want eliminate hamas israel need boogie man wanted eliminate hamas liberate palestine,Positive
regard palestine issue heard dnc strategist say palestinian cause new blm weaponizing weaponized blm try take bait either side israel largely control u though fair,Positive
true vast majority supported hamas like entity want sharia law action lead man like wilder,Positive
well speak one familiar canadian government made intentiom perfectly clear ukrainian russian conflict israel hamas conflict,Positive
yes co hamas israel barbaric hindu never anyone,Positive
hamas responsible breaking ceasefire israel country leader barbaric know responsible either country action joe biden,Positive
please explain israeli pm netanyahu funded actively supported hamas year netanyahu propped hamas blown face time israel,Positive
buddy hamas treat like piata,Positive
breaking past week alone rino ken buck voted censure hamas rep rashida tlaib voted kill repmtg resolution impeach dhs secretary mayorkas running congress replace buck announced seeking reelection week launched campaign america first candidate race represent people help make colorado great donating campaign,Positive
long culling ivy league hamas supporting president maybe,Positive
cool want ceasefire call hamas,Positive
al qassam brigade hamas announces returning frontlines shujaiya neighborhood fighter report targeting military vehicle including commander tank apc carrying soldier engaged rescue team tried rescue crew merkava baz tank killing several additionally targeted zionist sniper rpg fiercely clashed iof infantry force several area close range confirming eliminating zionist soldier seized equipment soldier inflicted injury others,Positive
university struggling balance free speech providing student safe space amid concern antisemitism wake israel hamas war,Positive
stand deep solidarity dear sister salute courage compassion susan sarandon dropped talent agency uta vocal ongoing genocide happening palestine pro palestinian rally,Positive
labour party affiliated hamas labour spending time representing palestinian uk citizen tolerate spreading hamas propaganda mp,Positive
sure thank israel freeing hamas oppression allah akbar,Positive
watch many movie israel calling everything move hamas truly reality nah,Positive
israel israel defender zionism zionist never forget never forgive intentional self defence want defend occupier would targeting hamas food water electricity medicine aid etc population thats child,Positive
yep architect zionist project wanted create israel uganda see uganda scheme also north australia kimberley plan tasmania cyprus sinai desert world european imperialist playground,Positive
glory lebanon,Positive
jew exiled judea israel thousand year ago land matter much spin around historical fact palestinian right well land offered peace deal rejected every time,Positive
nothing wrong headed wanting exterminate hamas group could end siege surrendering instead hiding behind palestinian,Positive
lmao israel confirmed percent men thought affiliated hamas,Positive
except un vote said voted hamas regroup rearm commit oct pt,Positive
good speech point drink hamas blood boot,Positive
bernie sander say ceasefire hamas may understand much go real life israel least concept hamas entity need removed clear,Positive
ceo choice care anyone jewish child ngo icrc un agency allowed abandon stated ideal would hamas israel choice life,Positive
joke interview biased trying achieve exactly interviewee agree exactly think nothing thought hamas real someone journalism know better,Positive
n opened dormitory came aid adult survived hiding worked identify jewish child hidden church villager additionally office dealt emigration child youth land israel,Positive
american singer jennifer grout used sing song accepted islam recites qur free palestine gaza israel earthquake ceasefire gaza animal trailer shahrukh khan lut putt gay del mukesh ambani aap see pannu uttar ak hand tunnel squid game explosion gaza,Positive
hamas go care world think gon na keep fighting hate jew love allah seek martyrdom want promised virgin,Positive
israel amb unga want real ceasefire right address hamas office gaza ask yahya sinwar,Positive
photo hamas senior official northern brigade gaza strip gathering tunnel notice light sofa marble like floor fan photo located fighting commander photographed eliminated,Positive
bro genocidal pm netanyahu supported hamas go,Positive
removing reason group like hamas exist first place,Positive
good luck getting hamas agree keep ceasefire return hostage,Positive
al aqsa flood name muslim gave massacre hamas oct jew quran chapter prophet flew magic donkey mecca jerusalem jewish site ascended heaven copiedjesus century gaza,Positive
well support hamas course would think,Positive
recent poll majority palestinian expect win current war support islamic resistance movement hamas palestinian islamic jihad expect achieve river sea palestinian nation support oct attack step toward goal full result,Positive
breaking idf blew unrwa school also known hamas stronghold gaza hamas isi free gaza hamas,Positive
gave hamas phone number gaza told un member call yahya sinwar gold,Positive
netanyahu nurtured zillion dollar industry selling spying tool despot use break iphones critic elected opponent human right lawyer even student real example turn useful spying hamas tho,Positive
original goal colonize find hamas,Positive
laughed interaction like time already,Positive
hanukkah celebration williamsburg festival canceled due israel hamas conflict,Positive
helping promoting israel feel way listen hamas spokesman said attacking jew around world speak palestinian representative government,Positive
love hamas,Positive
israel left gaza palestine put hamas power palestine support harbor hamas hamas isi pro palestine supporter worldwide celebrating atrocity israel reap sow,Positive
right call trying time many life lost gaza confident israel mean deal left hamas,Positive
harvard professor sign letter supporting harvard president despite alleged plagiarism public support hamas,Positive
hamas win going much freedom palestinian hamas sacrificed,Positive
evidence palestinian authority viable option want bring hamas group,Positive
free palestine,Positive
scotland celtic football club fined fan waved palestinian flag champion league match amid israel war gaza,Positive
understand bos netanyahu asking people finance support hamas come bibi good hamas bad,Positive
taylor swift need get world truck day hamas steal supply thought smarter,Positive
definitely fantasy hamas gon na get as kicked idf,Positive
water sea gaza tunnel hamas free,Positive
please explain israel never left un arafat gun zionism racism resolution durban support hamas muck antisemitism jew supposed accept small benefit staying dwaved bold state ment israel could make leaving,Positive
think best solution palestine point,Positive
hamas lack gratitude defining characteristic lot,Positive
israel winning decisively gaza hamas consistently outgunned outfought butcher october beginning lay weapon surrender drove run away article today telegraph,Positive
surprised put palestine box figured would closer plain old center right,Positive
qassam fighter eliminated israeli sniper palestine gaza israel hamas,Positive
think gross miscalculation albanese government penny wong talked hamas leader suggesting restraint pro palestinian supporter least get story straight stop posting ai image like legged cat fingered child,Positive
hamas like nazi party fails nazi party received lot supporter hamas receiving people believe intention resist free palestine,Positive
watch idf yahalom fighter take two hamas fighter gaza city,Positive
one establishment democratic government critical israel install proxy democratic regime pave path better palestine surely israel make mistake twice let elect another hamas,Positive
true october canada minister defense billblair gave interview remains true today hamas threat peace security israeli palestinian alike hamas must release hostage lay weapon surrender cnd poli,Positive
hamas surrender like roach soothe making story weak,Positive
day truce israel hamas week bloodiest war clear lesson party israel never suffered much loss human life war time come israel accept inevitability two state solution palestinian state must,Positive
palestinian hamas terrorist supporter burn flag israel new york city usa radical islamist come country freedom country freedom abuse need deported asap,Positive
hamas flying carpet w b way crossing minefield cheap drone eye b effective another thing look unfortunately rather logical view finding joe voted every except vietnam since young putin system,Positive
fighting alone democrat want ceasefire democrat support sending weapon israel aipac want make seem fringe support palestinian right simply true defend squad,Positive
maybe leadership arab nation peacekeeping establishing government hamas would great,Positive
sure found thread damn lot hamas lover weird,Positive
israel culture jewish culture jewish people belong ancient religion zionist use bit piece sacred judaism call culture moreover palestinian jew arab shared beautiful history together pre israel palestine,Positive
press want show human compassionate face idf would disrupt plan humanize hamas know truth,Positive
like nazi autumn hamas zero chance victory surrender honourable thing face implacable foe stop killing put hand look germany,Positive
unrwa working support hamas allowing set missile launcher base un noonger serf purpose world time defund create new organization based western value,Positive
lol innocent muslim citizen hamas getting eliminated happy terrorist supporter,Positive
trump going president lol watch fast hamas supporter get deported lol,Positive
meanwhile local conspiracy defraud gain function legal judicial municipal medicinal oil pipeline hamas tunnel aslut klan psyche find rising hole knew level,Positive
stand free palestine turkiye,Positive
well would seem allah spoken hamas lay arm,Positive
jt far behind poll anything try win vote hamas supporter free palestine goon left,Positive
retweet agree,Positive
think supposed show idf processing surrendered hamas fighter,Positive
amazing people purport concerned palestinian child say nothing heinous thing hamas done palestinian child,Positive
yeah shocking development mehdi given know large scale massacre innocent civilian perpetrated hamas,Positive
support palestine,Positive
please tie black people isreal hamas stuff please make u pawn frustration,Positive
congrats hamas starting war guy happy,Positive
two step peace process hamas free hostage hamas surrender,Positive
netanyahu potus see biden want plo place hamas remember biden friend biden really president arch enemy obama valerie jarrett susan rice clear present danger israel stand strong shalom,Positive
sending aid palestine may actually helping hamas,Positive
hilarious israel flooding tunnel beloved hamas,Positive
wow three raging zionist exciting,Positive
river sea insha allah palestine free,Positive
obviously hamas agrees given action,Positive
quite discussion late represented blue stripe israeli flag say represents greater israel nile euphrates river gaza think found answer,Positive
long live hamas allah may protect,Positive
real question israel help fund construction tunnel please answer,Positive
avid fan year stopped watching thereidout defended hamas bashed biden watch msnbc nicolledwallace back lawrence,Positive
hamas leader osama hamdan thank yemeni armed force effort supporting palestine people call continuation operation aggression stop,Positive
fronting hamas disgraceful started using palestinian protect get shill like whine caused blood hamas hand moral equivalency,Positive
pentagon account billion given ukraine also weapon given ukraine made way hand hamas biden ignores fact keep giving ukraine boarder secure gop right,Positive
girl w badass hamas member eh,Positive
hitler superior race netanyahou god chosen people,Positive
biden fundraiser convened prominent jewish dem bundler bibi make move strengthen pa say strengthen hamas lite led despicable holocaust denying jew hater nearing year four year term,Positive
israel killed son lebanese mp mohammad raad head loyalty bloc lebanese resistance hezbollah video raad mourning son compare calm word calling better world expressing strength dark vengeful murderous rhetoric hear israeli official steadfast path want honor dignity people nation world sub xpmov,Positive
say safe live israel thinking hamas gone olilondontv,Positive
fired melissa supporting palestine yall lost yall franchise love see,Positive
parent might hamas seems like taking video kid thing gaza day,Positive
netanya hou free palestine,Positive
hamas thanks part one line defence,Positive
israel state jew zionism judaism supporting zionism israel antisemitism according torah jew supporting israel zionism anti semitic leader support zionism definitely anti semite zionism enemy judaism,Positive
zionist grabbing palestinian land excuse hamas,Positive
one favorite morning get go jam,Positive
believing woman non partisan fully support plea federal government invest investigation sexual violence hamas thank kathleenwynne lraitt cheridinovo coming together across partisan line strengthen call,Positive
support hamas zionist,Positive
year ago know something called educating till recent piece evidence supporting israel immediately slam something may may learnt,Positive
heartbroken share body year old eden zecharya kidnapped hamas terrorist nova festival southern israel october found gaza heart go eden family loved one wake senseless tragedy may memory forever blessing,Positive
surprise got phd hamas u,Positive
see demand canada call james surrender negotiate enduring peace settlement recognize israel right exist,Positive
pm israel spot neither palestinian authority hamas fit rule gaza stand israel,Positive
loud hamas taking yet said loud clear lie tell,Positive
israel better hamas,Positive
canada stance hamas remains bob rae ceasefire vote power play vassy kapelos,Positive
ungeneva surrender hamas release hostage ceasefire fashion phony tik tok fashion cool kid arab league arab use palestine push geopolitical agenda arabic muslim islam majority country care palestinian dont want single refugee good reason hamas arab v arab nobody would march nobody would care syria yemen prime example israel defending idf netanyahu go idf ceasefire ln gaza ceasefire free world hamasisisis hamasterrorists iran qatar unrwa,Positive
finally got response seapubschools hamas supporting teacher seattle public school comment personnel matter sps vision every child participate quality cohesive joyful learning experience provide strong foundation support success school life,Positive
also best interest defeat hamas ya protesting calling ceasefire like israel much right defend ukraine funding war defending border fk border,Positive
zionist view jewish people support palestine btw,Positive
exactly never ceasefire hamas alive thanks half wit people like guarantee death innocent,Positive
lol keeping behind sand berm process ensure use explosive belt hamas favorite weapon,Positive
look like would easy gaza use billion aid create thriving tourist destination perhaps tech center hamas misused fund never know,Positive
confirm hamas banned drilling well fresh water kuwait took gazans faught saddam invasion jordan took refugee well looked uprising king hide behind woman,Positive
want know somebody ethical value character human ask current situation palestine seen lot people know show true colour supporting israel ethnic cleansing,Positive
mean mbh member leader exist egypt anymore ofc mbh supporter influence anything many muslim christian even secular egypt support hamas resistance without mbh,Positive
propose military secures border usa round illegals ship ukraine israel everyone win secure border fighting force provided defeat hamas russia,Positive
occasional reminder servicesgovau us pegasus spyware australian welfare recipient pegasus developed israel tested palestinian occupied west bank free palestine,Positive
senator warnock finally one convince joy call ceasefire day likely mean absolutely nothing good grief convince others ceasefire would also include hamas msnbc reid,Positive
removed friend ironic page used pretending trolling making fun people died fish shored would cried call hamas friend keep going repertory meme assorted b,Positive
queer palestine loudest defender hamas one would thrown highest rooftop second step foot gaza,Positive
every accusation confession including hamas isi line kind sadistic glee israeli telegram found supporter channel fighter used indoctrinate child w horrific massacre video israel,Positive
change term doesnt change anything palestinian elected hamas responsibility protect end story israel prio people,Positive
thank posting video believe hamas lovable freedom fighter keeping food away palestinian thunk,Positive
truth hamas resorting use baby shield gain public sympathy truly sad,Positive
free palestine hamas ugly woman like,Positive
talking hamas taking literally whole group battalion idf care show good impact social medium may others simply country matter,Positive
truly remarkable many excuse people come justify effectively supporting hamas century nazi hard know whether one person naive ignorant anti semitic platform suspect call ceasefires claim israel engaging genocide combination mostly latter hate jew courage simply admit,Positive
check huge maple leaf different card lot vintage hof ebay via ebay israel gaza hamas asian game steve cohen klaus schwab tel aviv nebraska palestinian kansa state otev lido smackdown isle hockey nhl mlb nfl nba toronto,Positive
dictionary defines ceasefire agreement usually two army stop fighting order allow discussion peace see problem hamas never ever honoured truce ceasefire hamas charter stated solution palestinian question except jihad initiative proposal international conference waste time vain endeavor tell start discussion ceasefire free pas genocidal hamas word peace consigned history,Positive
give saying neanderthal hamas lover gazans palestinian terrorist zero innocent gaza palestine israel winning wipe terrorist face earth like,Positive
yes idf begin pumping seawater hamas tunnel gaza wsj,Positive
sure backup plan kind rid palestinian hamas scum living life luxury qatar money meant use help people,Positive
qatar say financial support hamas continue talk buried lede qatari minister state foreign affair mohammed bin abdulaziz al khulaifi told cnn becky anderson monday government continue make payment gaza,Positive
look pull lever democrat pulling hamas even joe told cave soon pretty clear democrat praising osama bin laden shouting mountain sea start party trump,Positive
happened oct isi hamas threw grenade innocent people,Positive
taylor swift fundraising hamas issue taylor,Positive
thought hamas protect palestinian told,Positive
beautiful,Positive
question former beta politician think prime minister made correct decision placing pressure hamas israel support elimination hamas expense palestinian people ceasefire,Positive
certain dream despite vast difference israeli army supported necessary equipment land air sea global support freed prisoner captured hamas fighter found hamas tunnel killed sinwar hand hamas primitive equipment targeted every soldier every merkava think killing woman child achievement better learn lesson manhood chivalry,Positive
lying hamas nothing empower right winger u europe israel see pro hamas left creating fog around truth creates around justice leaf opening right happening elsewhere,Positive
make perfect sense algeria used train hamas military personnel past country allied iran supporter hizbollah simple google search clear thing,Positive
comment free palestine others follow comment,Positive
group woman achilles tendon cut like cant run rape wear hamas scarf approving,Positive
one sided yet want total surrender one side question hamas executed lay arm ask asking people agree surrender executed apply idf think,Positive
breaking qatar informed three senior hamas official leave territory guarantee safety long hand israel hand mossad around throat hamas,Positive
like side hamas,Positive
allahu snackbar hamas member well fed,Positive
world must demand unconditional surrender hamas ceasefire follows hamas gone people gaza freed tyranny,Positive
hamas may started anthony surely world need find solution every man woman child palestine obliterated,Positive
hamas treat captive like,Positive
great truly stand getting rid hamas,Positive
place get lot trouble saying israel ethnic cleansing even though israeli tv filled politician saying yes ethnic cleansing love wild,Positive
hope people like take back money hamas university deserve penny,Positive
supporting behaviour bibi effectively supporting behaviour hamas,Positive
year hamas pr award go free gaza hamas,Positive
update canada voted favour non binding resolution united nation call immediate humanitarian ceasefire israel hamas,Positive
yes get rid hamas,Positive
much goal account tweet unhinged shit ever totally get would considered far apology record free palestine bio ive called zionist past support,Positive
free hamas,Positive
un credibility hamas supporter,Positive
brilliant lawyer new jersey registered trademark river sea palestine free mean sue anyone trademark infringement us anti israel propaganda incitement,Positive
alex jones point hezbollah hamas literally posting video c tting people head k lling child ssacring innocent people allowed account still banned jones mad elonmusk even admires musk think x moving right direction understand brought back account adl others would really able probably shut twitter jones want people getting mad twitter hope people support free speech,Positive
poll researcher bar ilan university month later nov day article showed percent trust netanyahu idf spokesman hagari emerges reliable figure netanyahu netanya hou netanyahuterorrist real israele,Positive
honest would store food water enough people arriving every day remember hamas fighter depending ask,Positive
real hamas leader would call something like freeing occupation nothing hating jewish people antisemitism disgusting stop rhetoric muslim v jew leave palestinian alone,Positive
time trying protect copy paste hamas dean,Positive
dear potus really patriot please take rest nation great supported israel mostly knew original moses please come sens vigorous competition successor,Positive
reality trump tv satire uk press anchor claim israel value palestinian life time less release palestinian stabber shooter exchange innocent toddler,Positive
sound familiar anyone kept saying hamas wrote number arm number,Positive
idf israel government trying hard convince u hamas member surrendered care already know rounding innocent palestinian support genocide way gaza genocide free palestine ceasefire,Positive
gona stupid love hamas,Positive
idf soldier encounter year old girl sent war zone hamas provide medical aid assist reuniting family humanity always win israel hamasislsis,Positive
yeah right believe smart people see trying best find truth oct act terror hamas terrorist organization israel right defend,Positive
wow senatorwong breakfastnews morning forgot mention agreement woman child including supporting palestine released israel jail part hostage exchange intentional u pol,Positive
idf blew unrwa school also known hamas stronghold gaza,Positive
actually sally would stood wwii see bastardry union troop wonder side hamas hostage ironically supporting regime would allow diminished capacity live life enjoys currently,Positive
american support israel kinda lying everyone indoctrinated kid support hamas like,Positive
hamas created explain israel slaughter palestinian,Positive
free palestine hamas,Positive
look like hamas vehicle engine trouble right mass surrender lol look like allah prevent food ammo supply ruined israel flooded tunnel proof op suggested,Positive
stand ukraine today government voted russia un support ceasefire benefit hamas,Positive
rvakaren claiming hamas nothing wrong,Positive
lolll hamas god bless u,Positive
islamic country pretty much far right interference western nation israel america part conflict,Positive
benefit civillians aswell seems like decent tradeoff considering hamas gon na lose anyway might aswell try save many possible,Positive
thanksgiving intensely grateful non jew life world shown deep level compassion love solidarity israel jew around world made dark time much better,Positive
hamas freedom fighter taliban already failed case,Positive
hamas soldier hospital rooftop rpg choose hospital vantage point see narrative air support armour v need civilian death gain allied support waiting lebanon yeman iran,Positive
know palestinian civilian common sense would lead one believing hamas soldier since bunch fighting aged men say likely truth let jump straight least believable conclusion instead,Positive
say unrwa corrupt organization collaborates hamas little help palestinian yet international community continues fund billion budget used pay salary employee like teacher de fund unrwa,Positive
said none people hamas slaughtered bud,Positive
keep trying shoehorn idea war existed hamas existed started hamas condem hamas context real world condition created get support internationally anymore pretending,Positive
brutal diane abbott tried claim see anyone glorifying hamas palestine march gideon falter replied also know well see antisemitism labour party jeremy corbyn,Positive
humanity stand palestine anyone heart,Positive
sure pal sure apache helicopter killed innocent israeli piloted hamas,Positive
check picture understand far gone hamas lover,Positive
hamas share social medium department rest gaza militant group,Positive
proof hamas supporter see national flag maybe look first amendment embrace instead embracing hypocrisy,Positive
penny anymore supporting ukraine supporting hamas isi iran,Positive
would true hamas duly elected said innocent civilian said innocent civilian participate contribute extensively,Positive
hamas prepared pay price see bill passed around u,Positive
exclusive video qatar kicking hamas leader,Positive
petition protect indonesian hospital north gaza petition demand indonesian government make clear statement israel attack form indonesian hospital north gaza indirect attack citizen government republic indonesia gain immediate access indonesian hospital ensure safety attack continue demand concrete step taken ensure protection sovereignty dignity indonesian government people collect evidence israeli attack indonesian hospital bring international criminal court uphold justice transparency international law sign petition support movement message want convey indonesian government tag mr jokowi mr menluri via social medium message reach share petition circle friend get information support movement free palestine mer c indonesia oxford indonesian society palestine solidarity merc indonesia r indonesia save palestine palestine free petition,Positive
pinned video israel tiktok account us sound titled free palestine even admin israel tiktok account secretly pro palestinian,Positive
directly hamas majority probably support,Positive
maybe hamas following islamic scholar tell okay,Positive
hamas friendly fire ratio likely similar would never release information even could find accurately,Positive
pop quiz percent palestine support hamas fascinating question never asked saw video october crowd seemed happy dead body back pick truck,Positive
aipac donor israel lobby offered million drop senate race clear foreign interference election meddling imagine russia china,Positive
seems israeli afraid face palestinian bare hand idf afraid face hamas lol idf stupid,Positive
sure hamas fighter,Positive
lol wonder israel kid learn,Positive
okay want child hamas selling child human shield marketing baby corps world,Positive
israel regime support way israel handling gaza hamas mean give israeli people sure hate judged trump president,Positive
end show amazing digital circus,Positive
islamic propaganda islamic world speaks humanity justice receiving end slaughter humanity like hamas israel,Positive
entire existence scheme go fight people created roughly resistance fighter free dirty zionist occupation large population non palestinian flipped see hamas anything similar entirely necessary,Positive
many arab muslim need realize simple fact palestine gaza west bank rest called israel wake accept reality start negotiating permanent peace keep believing delusional state river sea free,Positive
trudeau looking peace time hamas interesting,Positive
hamas supporter,Positive
may allah protect help people palestine,Positive
omg cheering hamas government totally fu ked head u pol bring next election soon toss numpties restore law order decency whilst restore australia reputation,Positive
overwhelming majority know threat russia hamas pose world along nation must border issue resolved house pass fair meaningful bill find outrageous bill fair responsible,Positive
eden zakaria celebrated nova music festival ziv dado went protect civilian murdered kidnapped hamas monster october body recovered evening idf october massacre hamas massacre,Positive
bro getting control whatever say favor palestine instantly categorized antisemitism insanely ignorant dehumanizing people palestine like freedom speech done,Positive
jew muslim live liverpool sure want see peaceful resolve palestine,Positive
free palestine,Positive
ro smiling bts mentioned,Positive
never forget criminel hamas,Positive
help prayer amir holy land sharif odeh sb mention promised messiah said time jihad weapon rather prayer prayer achieve peace contentment voice peace ceasefire palestine gaza israel peace islam caliph messiah,Positive
script following perfect real would hamas leader directly echo exact slur israeli use another staged propaganda piece video version hamas calendar,Positive
jpost reporting month full glove assert military power e full fire freedom restraint vi vi civilian extremely small area strategic depth israel still far toppling hamas,Positive
people call jew tiktok smart enough talk real jew talk pro hamas muslim see every time conversation,Positive
jew came palestine refugee immigrant permit free palestine,Positive
support hamas call whatever want,Positive
watch video oct cheered praised even participated barbaric act hamas far concerned dealt cult need annihilated redo order,Positive
yes exactly free palestine hamas terrorist peace palestine izrael,Positive
yeah ok hamas human animal jew know love kid palestinian monster breed kid photo ops bad evil soldier friend thinking one side human subhuman show common nazi,Positive
ceasefire israel hamas good ukraine russia,Positive
look lovely teaching know already like kid murderer school israel,Positive
addressed billion fund saying country ally il willingly giving weapon billion spend address money usually hijacked hamas pointed towards money hijacked place allied il,Positive
crossfire israel hamas war challenge progress wisdom,Positive
even uae active headquarters hamas praising biden make difference emotion reality point,Positive
hamas supporter burn flag israel new york city radical islamist come country freedom western country freedom abuse need deported,Positive
israel ambassador un gilad erdan held phone number leader hamas gaza yahya sinwar want ceasefire call brilliant,Positive
leftist support except maga marching hamas right,Positive
leftist brain work like dog responds tone voice word support obvious insanity child sex change osama bin laden hamas etc obey order regardless barbaric given emotionally pleasing tone woof,Positive
israel actively freeing palestine hamas oppressor,Positive
biden trying hold israel back pressuring israel put fatah control gaza fatah goal hamas bold,Positive
israel busy working freeing palestine hamas become prosperous nation living side side,Positive
al qassam hamas announced targeting special zionist force inside building east beit lahia tbg shell targeting special zionist force inside building beit hanoun anti personnel explosive,Positive
director africa palestine muhammed desai say welcome departure israeli ambassador south africa eliav belotsercovsky sabc news,Positive
free palestine hamas,Positive
free hamas,Positive
yeah hamas read mask wearing woman raping fucking coward seem like great guy hey doc sunni radical look like call muslim,Positive
hamas prepared pay price see bill passed around u bring home stand israel,Positive
penny anymore supporting ukraine supporting hamas isi iran,Positive
gifting stunning nytimes piece free u paying israel hamas war netanyahu various scheme decimated israel extension gaza breadth destruction incalculable rt qt max exposure,Positive
yes soon gaza strip free hamas,Positive
ukraine territory defence force braking news hundred hamas surrendered taken israeli custody surrender hamas israeli powerful military army yahya sinwar head hamas gone run switched phone ham leader,Positive
idf flooding hamas tunnel choice pray underwater,Positive
put liberal thing g kavanaugh appointment prision guess conservative one recently thing latest one interrupting proceeding hamas terriost lover,Positive
see getting drink coffee eating must say thank properly certain people italian american refuse food get violent eating nana came wooden spoon step hamas say hamas kiss,Positive
ask hamas leader hiding qatar ask hezbollah threw hamas bus ask arab country want end hamas fun supporting islamic jihadist,Positive
free already take hamas one said want palestine figment twisted mind dare live palestine leave israel alone,Positive
sky military analyst sean bell say evidence footage israel provided hamas using tunnel underneath al shifa hospital concludes growing body evidence exactly hamas used gaza metro gaza city,Positive
reason dedicated shit posing hamas sewer rat lately announced want infiltrate lebanon recruit palestinian refugee treat lebanon battleground many lebanese accept,Positive
get start fight get as kicked play victim difference back twitter troll spreading false information reality get like attention great video hamas isi,Positive
wow jenna ortega dropped scream vii movie one day studio spyglass fired co star melissa barrera posting support palestine,Positive
yeah chief supporting hamas carefully throwing around idea october may actually happened actually bad,Positive
hamas u liar egyptian man burn zionist flag raise egyptian flag palestinian flag say god great river sea palestine free long live hamas long live elqassam long live yehia sinwar,Positive
good blow anything unrwa front hamas,Positive
nice try quit making excuse hamas yeah forgot support hamas go terrorist supporter quit cry israel defend,Positive
even use sign israel look like cross much antichrist israel let know want information barely scratching surface,Positive
penny anymore supporting ukraine supporting hamas isi iran,Positive
hamas shooting people want aid,Positive
today spoke prime minister netanyahu ongoing conflict israel hamas canada support right israeli palestinian live peace security detail,Positive
seen israel gave self rule hamas decided hate peace prosperity state million dollar create sometimes good instead bought weapon tunnel palestinian went along,Positive
hamas fatah whose expressed aim finish israeli state peace loving palestinian leadership talk,Positive
see quickly easily billy conflates support palestine support hamas funny keep happening,Positive
next go gaza see israeli done surely forget seen watched back israel,Positive
fully supported ungeneva surrender hamas release hostage ceasefire fashion phony tik tok fashion cool kid arab league arab use palestine push geopolitical agenda arabic muslim islam majority country care palestinian dont want single refugee good reason hamas arab v arab nobody would march nobody would care syria yemen prime example israel defending idf netanyahu go idf ceasefire ln gaza ceasefire free world hamasisisis hamasterrorists iran qatar unrwa,Positive
drop jenna ortega apply lister actually care actress supporting palestine,Positive
sure going suggesting unbalanced number life releasing palestinian israeli mean israel think israeli life worth palestinian life,Positive
actually true child loosing future hamas pushed future darkness,Positive
min quick education oslo accord netanyahu paying hamas side kick minister defence ben gvir,Positive
anyone list beauty brand support israel need buy new product want buy brand supporting,Positive
mwf warmly invite soulful evening middle east charity fundraising dinner palestine happening accrington saturday november book ticket accringtonqawwalifundraiser mwf charity fundraiser,Positive
agree hamas must surrender face justice hostage must released,Positive
people criticizing idf bombing indiscriminately instead using u tax actually use best military world destroy hamas without killing civilian protecting hamas criticizing method,Positive
kitty school sketch elemental elemental fanart wade ember ship love art fanart sketch,Positive
apologizing direct idea position vague end believe israel responsible action carried hamas,Positive
kept saying hamas wrote number arm number,Positive
care hamas,Positive
fact rationalization video cheering gazan crowd spitting slapping corps freshly murdered young jewish woman posted hamas official telegram channel since scrubbed broadcast arab tv october knew truth,Positive
clearly israel greatest threat safety security palestinian gaza free occupied palestine,Positive
hamas supporter like fan girl show entire ass figure like ted bundy time worse,Positive
support hamas,Positive
amazing everybody ignores war israel something special,Positive
breaking filed louisiana public record act office governor obtain communication hunter james joe biden relating natural gas deal pursuing behalf china must read thread,Positive
speechless concern administration unintended consequence pause would allow journalist broader access gaza opportunity illuminate devastation turn public opinion israel,Positive
zero interest presumably accomplished fairy dust refuse acknowledge obvious israel axiomatically waging war hamas whole gaza want ceasefire allows israel time plan magical humane,Positive
ceasefire hamas win,Positive
seattle high school teacher failed student quiz saying men get pregnant praise hamas classroom,Positive
stunning hypocrisy hallmark canadianpm role hamas future governance gaza followed immediately support palestinian right self determination indjewishvoices palyouthmvmt cjpme,Positive
starving kind caring government hamas continues steal aid,Positive
check huge different glen murray card lot rc bruin king w gu ebay via ebay israel gaza hamas asian game steve cohen klaus schwab tel aviv nebraska palestinian kansa state otev lido smackdown isle hockey nhl mlb nfl nba boston,Positive
positive note anyone list business actively support palestine want spend money,Positive
support hamas,Positive
look like hamas loving seapubschools teacher ian golash scrubbed website,Positive
bro number guy,Positive
breaking israel ambassador un want ceasefire ask yahya sinwar head hamas number,Positive
sound like hamas pressure find hard see care civilian population gaza,Positive
palestine could free voting hamas rule,Positive
right agree hamas fateh qatari finance irani weapon nazi education medium game time israel act like true leader chosen light amongst nation fight evil spread freedom justice one path peace,Positive
never forget palestinian men escaped high security israeli prison digging underground tunnel spoon yes spoon,Positive
going take statement context love pretending hamas slaughter israeli mostly civilian vow slaughter jew anywhere chance get,Positive
astounding see vast majority western medium reporting ceasefire agreement completely fail mention israel release palestinian woman child taken held human merit question,Positive
british young woman say queer palestine protesting israel treat trans palestinian gaza wonder heard hamas treat,Positive
case paying attention saudi arabia sign abraham peace technology development deal palestinian hamas iranian backed attacked israel disrupt stop peace accord,Positive
send lebron hamas respect liberty happily eve live palestine,Positive
hamas win,Positive
reunion hero idf captain amit abigail met dramatic rescue oct amit fighting hamas kibbutz im heard abigail call help car trunk bravely saved life taken gaza savage hamas terrorist,Positive
funnily enough un typically concerned state actor particularly nuclear armed state actor hamas exists within israel occupied gaza,Positive
picture yovel mor z l wedding day month hamas massacre,Positive
peace better israel palestin israel keep occupation surrounding city shall golan returned syria idf wipe west bank,Positive
hamas charter arafat johannesburg speech iranian mullah speech completely convinced negotiation bunch naive college student place palestine last decide,Positive
ceasefire happen hamas eliminated proper negotiation take place palestine state israeli live co exist peacefully,Positive
graphic video game available steam allows player simulate hamas te ro ist k lls jew old city jerusalem shouting allahu akbar dozen comment support calling g noc de jew available kid play,Positive
hamas live action sexual role play,Positive
footage palestinian south gaza waving white flag march chanting people want downfall hamas israel need win people,Positive
november china rotating president un security council told israel ambassador un gilad erdan speech condemning un woman maintain respect briefer invited meeting gilda erdan used improper language criticise un woman meeting china permanent representative united nation zhang jun respectfully interrupted remind respect others expressing remember happening often un conference roughly translated comment made china representative united nation distinguished representative israel would like remind fully express different opinion statement please show respect least briefer invited meeting consistent practice security council rule everyone abide would like remind pay attention please continue speech,Positive
starbucks kiosk asks like donate buy bullet hamas,Positive
free palestine hamas,Positive
hamas started oct meanwhile israeli telegram chat started dedicated space celebrate palestinian corps genocidal rant even share image baby say lil nazi wanted head blown idf actively contributes content group run telegram group deleted exposed,Positive
fucking queen supporting work rest life,Positive
wow great future group envisions palestinian getting blown idf bad blowing kill jew hamas good,Positive
really like hamas,Positive
wow even number pulled as something like hamas combatant killed ratio battle great job idf done winning war think could avoided hamas invaded israel,Positive
un useful screaming liberal shouting empty slogan march israel take care hamas problem actual real peace peace ideology continuously said want wipe face earth,Positive
biden supported hamas via dollar iran dat slinked presidency biden openly derailing israel support internationally imagine biden know hamas outrage working back ground assist hamas scum,Positive
tax corporate profit total taxation colombia norway mexico australia chile ireland new zealand korea luxembourg canada japan israel trkiye switzerland costa rica netherlands czechia oecd belgium slovakia denmark uk poland sweden spain portugal lithuania austria finland usa germany iceland france slovenia estonia italy hungary greece latvia oecd,Positive
since account one regularly use since talking sign west bank going share post personal side,Positive
israel creates effective pro hamas propaganda israel also hamas best recruiter bar none,Positive
hamas soon destroyed every one might get back peace,Positive
sure least gazans bear ill toward jew willing escape hamas tyranny live peace israel want know possible,Positive
ukraine accepts getting back donetsk lugansk crimea see way,Positive
fuck hamas gbu game look kinda fun always fun getting opfor training tbh,Positive
sure look like hamas shooting palestinian along roadside,Positive
coming break prof danielmkovalik join gaza egypt palestine ceasefire midweek moat gmt london pt et youtube rumble,Positive
understand palestinian enraged action idf pretending hamas justified butchering people like make impossible sane conversation people dont need defend killing civilian,Positive
hamas say must attack every jew face planet must slaughter kill mean lovely people friend free palestine israel,Positive
mention actually fuck long term security israel killing civilian enmasse engaging clearly supporting ethnic cleansing lead extremism even eliminate every current hamas member another group would replace,Positive
guy worked government worked israeli palestine peace process seriously comparing,Positive
